
> backend@0.0.1 start:dev
> nest start --watch

[2J[3J[H[[90m6:28:01 AM[0m] Starting compilation in watch mode...

[[90m6:28:25 AM[0m] Found 0 errors. Watching for file changes.

[32m[Nest] 109331  - [39m09/16/2026, 6:28:28 AM [32m    LOG[39m [38;5;3m[NestFactory] [39m[32mStarting Nest application...[39m
[32m[Nest] 109331  - [39m09/16/2026, 6:28:28 AM [32m    LOG[39m [38;5;3m[InstanceLoader] [39m[32mConfigHostModule dependencies initialized[39m[38;5;3m +122ms[39m
[32m[Nest] 109331  - [39m09/16/2026, 6:28:28 AM [32m    LOG[39m [38;5;3m[InstanceLoader] [39m[32mThrottlerModule dependencies initialized[39m[38;5;3m +0ms[39m
[32m[Nest] 109331  - [39m09/16/2026, 6:28:28 AM [32m    LOG[39m [38;5;3m[InstanceLoader] [39m[32mHttpModule dependencies initialized[39m[38;5;3m +1ms[39m
[32m[Nest] 109331  - [39m09/16/2026, 6:28:28 AM [32m    LOG[39m [38;5;3m[InstanceLoader] [39m[32mDiscoveryModule dependencies initialized[39m[38;5;3m +0ms[39m
[32m[Nest] 109331  - [39m09/16/2026, 6:28:28 AM [32m    LOG[39m [38;5;3m[InstanceLoader] [39m[32mSpamDetectionModule dependencies initialized[39m[38;5;3m +13ms[39m
[32m[Nest] 109331  - [39m09/16/2026, 6:28:28 AM [32m    LOG[39m [38;5;3m[InstanceLoader] [39m[32mVersionModule dependencies initialized[39m[38;5;3m +1ms[39m
[32m[Nest] 109331  - [39m09/16/2026, 6:28:28 AM [32m    LOG[39m [38;5;3m[InstanceLoader] [39m[32mCulturalModule dependencies initialized[39m[38;5;3m +0ms[39m
[32m[Nest] 109331  - [39m09/16/2026, 6:28:28 AM [32m    LOG[39m [38;5;3m[InstanceLoader] [39m[32mConfigModule dependencies initialized[39m[38;5;3m +0ms[39m
[32m[Nest] 109331  - [39m09/16/2026, 6:28:28 AM [32m    LOG[39m [38;5;3m[InstanceLoader] [39m[32mConfigModule dependencies initialized[39m[38;5;3m +1ms[39m
[32m[Nest] 109331  - [39m09/16/2026, 6:28:28 AM [32m    LOG[39m [38;5;3m[InstanceLoader] [39m[32mScheduleModule dependencies initialized[39m[38;5;3m +1ms[39m
[32m[Nest] 109331  - [39m09/16/2026, 6:28:28 AM [32m    LOG[39m [38;5;3m[InstanceLoader] [39m[32mEventEmitterModule dependencies initialized[39m[38;5;3m +0ms[39m
[32m[Nest] 109331  - [39m09/16/2026, 6:28:28 AM [32m    LOG[39m [38;5;3m[InstanceLoader] [39m[32mLoggerModule dependencies initialized[39m[38;5;3m +4ms[39m
[32m[Nest] 109331  - [39m09/16/2026, 6:28:28 AM [32m    LOG[39m [38;5;3m[InstanceLoader] [39m[32mSharedLoggerModule dependencies initialized[39m[38;5;3m +12ms[39m
[32m[Nest] 109331  - [39m09/16/2026, 6:28:28 AM [32m    LOG[39m [38;5;3m[InstanceLoader] [39m[32mRetryModule dependencies initialized[39m[38;5;3m +0ms[39m
[32m[Nest] 109331  - [39m09/16/2026, 6:28:28 AM [32m    LOG[39m [38;5;3m[InstanceLoader] [39m[32mSupabaseModule dependencies initialized[39m[38;5;3m +1ms[39m
[32m[Nest] 109331  - [39m09/16/2026, 6:28:28 AM [32m    LOG[39m [38;5;3m[InstanceLoader] [39m[32mLlmProxyModule dependencies initialized[39m[38;5;3m +0ms[39m
[32m[Nest] 109331  - [39m09/16/2026, 6:28:28 AM [32m    LOG[39m [38;5;3m[InstanceLoader] [39m[32mEmailModule dependencies initialized[39m[38;5;3m +0ms[39m
[32m[Nest] 109331  - [39m09/16/2026, 6:28:28 AM [32m    LOG[39m [38;5;3m[InstanceLoader] [39m[32mCloudflareModule dependencies initialized[39m[38;5;3m +21ms[39m
[32m[Nest] 109331  - [39m09/16/2026, 6:28:28 AM [32m    LOG[39m [38;5;3m[InstanceLoader] [39m[32mStreakModule dependencies initialized[39m[38;5;3m +0ms[39m
[32m[Nest] 109331  - [39m09/16/2026, 6:28:28 AM [32m    LOG[39m [38;5;3m[InstanceLoader] [39m[32mCloudflareR2Module dependencies initialized[39m[38;5;3m +1ms[39m
[32m[Nest] 109331  - [39m09/16/2026, 6:28:28 AM [32m    LOG[39m [38;5;3m[InstanceLoader] [39m[32mLegalModule dependencies initialized[39m[38;5;3m +3ms[39m
[32m[Nest] 109331  - [39m09/16/2026, 6:28:28 AM [32m    LOG[39m [38;5;3m[InstanceLoader] [39m[32mCallsModule dependencies initialized[39m[38;5;3m +1ms[39m
[32m[Nest] 109331  - [39m09/16/2026, 6:28:28 AM [32m    LOG[39m [38;5;3m[InstanceLoader] [39m[32mHelpModule dependencies initialized[39m[38;5;3m +2ms[39m
[32m[Nest] 109331  - [39m09/16/2026, 6:28:28 AM [32m    LOG[39m [38;5;3m[InstanceLoader] [39m[32mLeaderboardModule dependencies initialized[39m[38;5;3m +1ms[39m
[32m[Nest] 109331  - [39m09/16/2026, 6:28:28 AM [32m    LOG[39m [38;5;3m[InstanceLoader] [39m[32mHostDashboardModule dependencies initialized[39m[38;5;3m +1ms[39m
[32m[Nest] 109331  - [39m09/16/2026, 6:28:28 AM [32m    LOG[39m [38;5;3m[InstanceLoader] [39m[32mAssessmentsModule dependencies initialized[39m[38;5;3m +0ms[39m
[32m[Nest] 109331  - [39m09/16/2026, 6:28:28 AM [32m    LOG[39m [38;5;3m[InstanceLoader] [39m[32mAnalyticsModule dependencies initialized[39m[38;5;3m +0ms[39m
[32m[Nest] 109331  - [39m09/16/2026, 6:28:28 AM [32m    LOG[39m [38;5;3m[InstanceLoader] [39m[32mMetricsModule dependencies initialized[39m[38;5;3m +1ms[39m
[32m[Nest] 109331  - [39m09/16/2026, 6:28:28 AM [32m    LOG[39m [38;5;3m[InstanceLoader] [39m[32mPasswordResetModule dependencies initialized[39m[38;5;3m +0ms[39m
[32m[Nest] 109331  - [39m09/16/2026, 6:28:28 AM [32m    LOG[39m [38;5;3m[InstanceLoader] [39m[32mShoppingModule dependencies initialized[39m[38;5;3m +1ms[39m
[32m[Nest] 109331  - [39m09/16/2026, 6:28:28 AM [32m    LOG[39m [38;5;3m[InstanceLoader] [39m[32mLivekitModule dependencies initialized[39m[38;5;3m +11ms[39m
[32m[Nest] 109331  - [39m09/16/2026, 6:28:28 AM [32m    LOG[39m [38;5;3m[InstanceLoader] [39m[32mTransferModule dependencies initialized[39m[38;5;3m +0ms[39m
[32m[Nest] 109331  - [39m09/16/2026, 6:28:28 AM [32m    LOG[39m [38;5;3m[InstanceLoader] [39m[32mCorrectorScoreModule dependencies initialized[39m[38;5;3m +1ms[39m
[32m[Nest] 109331  - [39m09/16/2026, 6:28:28 AM [32m    LOG[39m [38;5;3m[InstanceLoader] [39m[32mQuestsModule dependencies initialized[39m[38;5;3m +0ms[39m
[32m[Nest] 109331  - [39m09/16/2026, 6:28:28 AM [32m    LOG[39m [38;5;3m[InstanceLoader] [39m[32mInterestsModule dependencies initialized[39m[38;5;3m +0ms[39m
[32m[Nest] 109331  - [39m09/16/2026, 6:28:28 AM [32m    LOG[39m [38;5;3m[InstanceLoader] [39m[32mFavouritesModule dependencies initialized[39m[38;5;3m +0ms[39m
[32m[Nest] 109331  - [39m09/16/2026, 6:28:28 AM [32m    LOG[39m [38;5;3m[InstanceLoader] [39m[32mQuizModule dependencies initialized[39m[38;5;3m +0ms[39m
[32m[Nest] 109331  - [39m09/16/2026, 6:28:28 AM [32m    LOG[39m [38;5;3m[InstanceLoader] [39m[32mAchievementsModule dependencies initialized[39m[38;5;3m +0ms[39m
[32m[Nest] 109331  - [39m09/16/2026, 6:28:28 AM [32m    LOG[39m [38;5;3m[InstanceLoader] [39m[32mAudioIntroModule dependencies initialized[39m[38;5;3m +0ms[39m
[32m[Nest] 109331  - [39m09/16/2026, 6:28:28 AM [32m    LOG[39m [38;5;3m[InstanceLoader] [39m[32mStatsModule dependencies initialized[39m[38;5;3m +0ms[39m
[32m[Nest] 109331  - [39m09/16/2026, 6:28:28 AM [32m    LOG[39m [38;5;3m[InstanceLoader] [39m[32mUserStatisticsModule dependencies initialized[39m[38;5;3m +0ms[39m
[32m[Nest] 109331  - [39m09/16/2026, 6:28:28 AM [32m    LOG[39m [38;5;3m[InstanceLoader] [39m[32mLinkedAccountsModule dependencies initialized[39m[38;5;3m +0ms[39m
[32m[Nest] 109331  - [39m09/16/2026, 6:28:28 AM [32m    LOG[39m [38;5;3m[InstanceLoader] [39m[32mStudyStreakModule dependencies initialized[39m[38;5;3m +0ms[39m
[32m[Nest] 109331  - [39m09/16/2026, 6:28:28 AM [32m    LOG[39m [38;5;3m[InstanceLoader] [39m[32mDecksModule dependencies initialized[39m[38;5;3m +1ms[39m
[32m[Nest] 109331  - [39m09/16/2026, 6:28:28 AM [32m    LOG[39m [38;5;3m[InstanceLoader] [39m[32mDailyTipModule dependencies initialized[39m[38;5;3m +0ms[39m
[32m[Nest] 109331  - [39m09/16/2026, 6:28:28 AM [32m    LOG[39m [38;5;3m[InstanceLoader] [39m[32mHobbyTagsModule dependencies initialized[39m[38;5;3m +1ms[39m
[32m[Nest] 109331  - [39m09/16/2026, 6:28:28 AM [32m    LOG[39m [38;5;3m[InstanceLoader] [39m[32mWordOfTheDayModule dependencies initialized[39m[38;5;3m +0ms[39m
[32m[Nest] 109331  - [39m09/16/2026, 6:28:28 AM [32m    LOG[39m [38;5;3m[InstanceLoader] [39m[32mLearnerKnowledgeModule dependencies initialized[39m[38;5;3m +0ms[39m
[32m[Nest] 109331  - [39m09/16/2026, 6:28:28 AM [32m    LOG[39m [38;5;3m[InstanceLoader] [39m[32mXpModule dependencies initialized[39m[38;5;3m +1ms[39m
[32m[Nest] 109331  - [39m09/16/2026, 6:28:28 AM [32m    LOG[39m [38;5;3m[InstanceLoader] [39m[32mMilestonesModule dependencies initialized[39m[38;5;3m +0ms[39m
[32m[Nest] 109331  - [39m09/16/2026, 6:28:28 AM [32m    LOG[39m [38;5;3m[InstanceLoader] [39m[32mResourceLibraryModule dependencies initialized[39m[38;5;3m +0ms[39m
[32m[Nest] 109331  - [39m09/16/2026, 6:28:28 AM [32m    LOG[39m [38;5;3m[InstanceLoader] [39m[32mLanguageIslandsModule dependencies initialized[39m[38;5;3m +0ms[39m
[32m[Nest] 109331  - [39m09/16/2026, 6:28:28 AM [32m    LOG[39m [38;5;3m[InstanceLoader] [39m[32mModerationModule dependencies initialized[39m[38;5;3m +0ms[39m
[32m[Nest] 109331  - [39m09/16/2026, 6:28:28 AM [32m    LOG[39m [38;5;3m[InstanceLoader] [39m[32mLessonsModule dependencies initialized[39m[38;5;3m +0ms[39m
[32m[Nest] 109331  - [39m09/16/2026, 6:28:28 AM [32m    LOG[39m [38;5;3m[InstanceLoader] [39m[32mLanguageChallengesModule dependencies initialized[39m[38;5;3m +1ms[39m
[32m[Nest] 109331  - [39m09/16/2026, 6:28:28 AM [32m    LOG[39m [38;5;3m[InstanceLoader] [39m[32mTwoFactorModule dependencies initialized[39m[38;5;3m +0ms[39m
[32m[Nest] 109331  - [39m09/16/2026, 6:28:28 AM [32m    LOG[39m [38;5;3m[InstanceLoader] [39m[32mPronunciationModule dependencies initialized[39m[38;5;3m +0ms[39m
[32m[Nest] 109331  - [39m09/16/2026, 6:28:28 AM [32m    LOG[39m [38;5;3m[InstanceLoader] [39m[32mGroupsModule dependencies initialized[39m[38;5;3m +0ms[39m
[32m[Nest] 109331  - [39m09/16/2026, 6:28:28 AM [32m    LOG[39m [38;5;3m[InstanceLoader] [39m[32mNotificationsModule dependencies initialized[39m[38;5;3m +0ms[39m
[32m[Nest] 109331  - [39m09/16/2026, 6:28:28 AM [32m    LOG[39m [38;5;3m[InstanceLoader] [39m[32mProfileVisitsModule dependencies initialized[39m[38;5;3m +0ms[39m
[32m[Nest] 109331  - [39m09/16/2026, 6:28:28 AM [32m    LOG[39m [38;5;3m[InstanceLoader] [39m[32mBlocksModule dependencies initialized[39m[38;5;3m +0ms[39m
[32m[Nest] 109331  - [39m09/16/2026, 6:28:28 AM [32m    LOG[39m [38;5;3m[InstanceLoader] [39m[32mLocationModule dependencies initialized[39m[38;5;3m +1ms[39m
[32m[Nest] 109331  - [39m09/16/2026, 6:28:28 AM [32m    LOG[39m [38;5;3m[InstanceLoader] [39m[32mLinkPreviewModule dependencies initialized[39m[38;5;3m +0ms[39m
[32m[Nest] 109331  - [39m09/16/2026, 6:28:28 AM [32m    LOG[39m [38;5;3m[InstanceLoader] [39m[32mAuthModule dependencies initialized[39m[38;5;3m +0ms[39m
[32m[Nest] 109331  - [39m09/16/2026, 6:28:28 AM [32m    LOG[39m [38;5;3m[InstanceLoader] [39m[32mNlpModule dependencies initialized[39m[38;5;3m +0ms[39m
[32m[Nest] 109331  - [39m09/16/2026, 6:28:28 AM [32m    LOG[39m [38;5;3m[InstanceLoader] [39m[32mMonetisationModule dependencies initialized[39m[38;5;3m +0ms[39m
[32m[Nest] 109331  - [39m09/16/2026, 6:28:28 AM [32m    LOG[39m [38;5;3m[InstanceLoader] [39m[32mVideoCallsModule dependencies initialized[39m[38;5;3m +1ms[39m
[32m[Nest] 109331  - [39m09/16/2026, 6:28:28 AM [32m    LOG[39m [38;5;3m[InstanceLoader] [39m[32mSafetyModule dependencies initialized[39m[38;5;3m +1ms[39m
[32m[Nest] 109331  - [39m09/16/2026, 6:28:28 AM [32m    LOG[39m [38;5;3m[InstanceLoader] [39m[32mProficiencyModule dependencies initialized[39m[38;5;3m +0ms[39m
[32m[Nest] 109331  - [39m09/16/2026, 6:28:28 AM [32m    LOG[39m [38;5;3m[InstanceLoader] [39m[32mFlashcardsModule dependencies initialized[39m[38;5;3m +0ms[39m
[32m[Nest] 109331  - [39m09/16/2026, 6:28:28 AM [32m    LOG[39m [38;5;3m[InstanceLoader] [39m[32mCommunitiesModule dependencies initialized[39m[38;5;3m +0ms[39m
[32m[Nest] 109331  - [39m09/16/2026, 6:28:28 AM [32m    LOG[39m [38;5;3m[InstanceLoader] [39m[32mReadingEngineModule dependencies initialized[39m[38;5;3m +0ms[39m
[32m[Nest] 109331  - [39m09/16/2026, 6:28:28 AM [32m    LOG[39m [38;5;3m[InstanceLoader] [39m[32mEscrowModule dependencies initialized[39m[38;5;3m +0ms[39m
[32m[Nest] 109331  - [39m09/16/2026, 6:28:28 AM [32m    LOG[39m [38;5;3m[InstanceLoader] [39m[32mMediaModule dependencies initialized[39m[38;5;3m +1ms[39m
[32m[Nest] 109331  - [39m09/16/2026, 6:28:28 AM [32m    LOG[39m [38;5;3m[InstanceLoader] [39m[32mAppModule dependencies initialized[39m[38;5;3m +0ms[39m
[32m[Nest] 109331  - [39m09/16/2026, 6:28:28 AM [32m    LOG[39m [38;5;3m[InstanceLoader] [39m[32mUsersModule dependencies initialized[39m[38;5;3m +1ms[39m
[32m[Nest] 109331  - [39m09/16/2026, 6:28:28 AM [32m    LOG[39m [38;5;3m[InstanceLoader] [39m[32mPrivacyModule dependencies initialized[39m[38;5;3m +0ms[39m
[32m[Nest] 109331  - [39m09/16/2026, 6:28:28 AM [32m    LOG[39m [38;5;3m[InstanceLoader] [39m[32mStudyBuddiesModule dependencies initialized[39m[38;5;3m +0ms[39m
[32m[Nest] 109331  - [39m09/16/2026, 6:28:28 AM [32m    LOG[39m [38;5;3m[InstanceLoader] [39m[32mEventsModule dependencies initialized[39m[38;5;3m +0ms[39m
[32m[Nest] 109331  - [39m09/16/2026, 6:28:28 AM [32m    LOG[39m [38;5;3m[InstanceLoader] [39m[32mRecommendationsModule dependencies initialized[39m[38;5;3m +0ms[39m
[32m[Nest] 109331  - [39m09/16/2026, 6:28:28 AM [32m    LOG[39m [38;5;3m[InstanceLoader] [39m[32mAdminModule dependencies initialized[39m[38;5;3m +0ms[39m
[32m[Nest] 109331  - [39m09/16/2026, 6:28:28 AM [32m    LOG[39m [38;5;3m[InstanceLoader] [39m[32mEconomyModule dependencies initialized[39m[38;5;3m +1ms[39m
[32m[Nest] 109331  - [39m09/16/2026, 6:28:28 AM [32m    LOG[39m [38;5;3m[InstanceLoader] [39m[32mDiscoveryModule dependencies initialized[39m[38;5;3m +0ms[39m
[32m[Nest] 109331  - [39m09/16/2026, 6:28:28 AM [32m    LOG[39m [38;5;3m[InstanceLoader] [39m[32mChatModule dependencies initialized[39m[38;5;3m +0ms[39m
[32m[Nest] 109331  - [39m09/16/2026, 6:28:28 AM [32m    LOG[39m [38;5;3m[InstanceLoader] [39m[32mAudioRoomsModule dependencies initialized[39m[38;5;3m +0ms[39m
[32m[Nest] 109331  - [39m09/16/2026, 6:28:28 AM [32m    LOG[39m [38;5;3m[InstanceLoader] [39m[32mMomentsModule dependencies initialized[39m[38;5;3m +1ms[39m
[32m[Nest] 109331  - [39m09/16/2026, 6:28:28 AM [32m    LOG[39m [38;5;3m[InstanceLoader] [39m[32mAiConversationModule dependencies initialized[39m[38;5;3m +0ms[39m
[33m[Nest] 109331  - [39m09/16/2026, 6:28:28 AM [33m   WARN[39m [38;5;3m[LegacyRouteConverter] [39m[33mUnsupported route path: "/api/*". In previous versions, the symbols ?, *, and + were used to denote optional or repeating path parameters. The latest version of "path-to-regexp" now requires the use of named parameters. For example, instead of using a route like /users/* to capture all routes starting with "/users", you should use /users/*path. For more details, refer to the migration guide. Attempting to auto-convert to "/api/{*path}"...[39m
[33m[Nest] 109331  - [39m09/16/2026, 6:28:28 AM [33m   WARN[39m [38;5;3m[LegacyRouteConverter] [39m[33mUnsupported route path: "/api/*". In previous versions, the symbols ?, *, and + were used to denote optional or repeating path parameters. The latest version of "path-to-regexp" now requires the use of named parameters. For example, instead of using a route like /users/* to capture all routes starting with "/users", you should use /users/*path. For more details, refer to the migration guide. Attempting to auto-convert to "/api/{*path}"...[39m
[32m[Nest] 109331  - [39m09/16/2026, 6:28:28 AM [32m    LOG[39m [38;5;3m[RoutesResolver] [39m[32mAppController {/api}:[39m[38;5;3m +2ms[39m
[32m[Nest] 109331  - [39m09/16/2026, 6:28:28 AM [32m    LOG[39m [38;5;3m[RouterExplorer] [39m[32mMapped {/api, GET} route[39m[38;5;3m +3ms[39m
[32m[Nest] 109331  - [39m09/16/2026, 6:28:28 AM [32m    LOG[39m [38;5;3m[RouterExplorer] [39m[32mMapped {/api/health, GET} route[39m[38;5;3m +0ms[39m
[32m[Nest] 109331  - [39m09/16/2026, 6:28:28 AM [32m    LOG[39m [38;5;3m[RoutesResolver] [39m[32mLivekitController {/api/livekit}:[39m[38;5;3m +1ms[39m
[32m[Nest] 109331  - [39m09/16/2026, 6:28:28 AM [32m    LOG[39m [38;5;3m[RouterExplorer] [39m[32mMapped {/api/livekit/token, POST} route[39m[38;5;3m +0ms[39m
[32m[Nest] 109331  - [39m09/16/2026, 6:28:28 AM [32m    LOG[39m [38;5;3m[RoutesResolver] [39m[32mLocationController {/api/location}:[39m[38;5;3m +1ms[39m
[32m[Nest] 109331  - [39m09/16/2026, 6:28:28 AM [32m    LOG[39m [38;5;3m[RouterExplorer] [39m[32mMapped {/api/location/:userId/current, POST} route[39m[38;5;3m +1ms[39m
[32m[Nest] 109331  - [39m09/16/2026, 6:28:28 AM [32m    LOG[39m [38;5;3m[RouterExplorer] [39m[32mMapped {/api/location/:userId/current, GET} route[39m[38;5;3m +1ms[39m
[32m[Nest] 109331  - [39m09/16/2026, 6:28:28 AM [32m    LOG[39m [38;5;3m[RouterExplorer] [39m[32mMapped {/api/location/:userId/live/start, POST} route[39m[38;5;3m +0ms[39m
[32m[Nest] 109331  - [39m09/16/2026, 6:28:28 AM [32m    LOG[39m [38;5;3m[RouterExplorer] [39m[32mMapped {/api/location/:userId/live/update, POST} route[39m[38;5;3m +1ms[39m
[32m[Nest] 109331  - [39m09/16/2026, 6:28:28 AM [32m    LOG[39m [38;5;3m[RouterExplorer] [39m[32mMapped {/api/location/:userId/live, DELETE} route[39m[38;5;3m +0ms[39m
[32m[Nest] 109331  - [39m09/16/2026, 6:28:28 AM [32m    LOG[39m [38;5;3m[RouterExplorer] [39m[32mMapped {/api/location/:userId/live, GET} route[39m[38;5;3m +1ms[39m
[32m[Nest] 109331  - [39m09/16/2026, 6:28:28 AM [32m    LOG[39m [38;5;3m[RoutesResolver] [39m[32mAuthController {/api/auth}:[39m[38;5;3m +0ms[39m
[32m[Nest] 109331  - [39m09/16/2026, 6:28:28 AM [32m    LOG[39m [38;5;3m[RouterExplorer] [39m[32mMapped {/api/auth/change-password, POST} route[39m[38;5;3m +1ms[39m
[32m[Nest] 109331  - [39m09/16/2026, 6:28:28 AM [32m    LOG[39m [38;5;3m[RouterExplorer] [39m[32mMapped {/api/auth/two-factor/enable, POST} route[39m[38;5;3m +1ms[39m
[32m[Nest] 109331  - [39m09/16/2026, 6:28:28 AM [32m    LOG[39m [38;5;3m[RouterExplorer] [39m[32mMapped {/api/auth/two-factor/verify, POST} route[39m[38;5;3m +0ms[39m
[32m[Nest] 109331  - [39m09/16/2026, 6:28:28 AM [32m    LOG[39m [38;5;3m[RouterExplorer] [39m[32mMapped {/api/auth/two-factor/disable, POST} route[39m[38;5;3m +1ms[39m
[32m[Nest] 109331  - [39m09/16/2026, 6:28:28 AM [32m    LOG[39m [38;5;3m[RouterExplorer] [39m[32mMapped {/api/auth/two-factor/status, GET} route[39m[38;5;3m +1ms[39m
[32m[Nest] 109331  - [39m09/16/2026, 6:28:28 AM [32m    LOG[39m [38;5;3m[RouterExplorer] [39m[32mMapped {/api/auth/transfer/generate, POST} route[39m[38;5;3m +1ms[39m
[32m[Nest] 109331  - [39m09/16/2026, 6:28:28 AM [32m    LOG[39m [38;5;3m[RouterExplorer] [39m[32mMapped {/api/auth/transfer/consume, POST} route[39m[38;5;3m +0ms[39m
[32m[Nest] 109331  - [39m09/16/2026, 6:28:28 AM [32m    LOG[39m [38;5;3m[RouterExplorer] [39m[32mMapped {/api/auth/transfer/swap, POST} route[39m[38;5;3m +1ms[39m
[32m[Nest] 109331  - [39m09/16/2026, 6:28:28 AM [32m    LOG[39m [38;5;3m[RoutesResolver] [39m[32mTwoFactorController {/api/two-factor}:[39m[38;5;3m +0ms[39m
[32m[Nest] 109331  - [39m09/16/2026, 6:28:28 AM [32m    LOG[39m [38;5;3m[RouterExplorer] [39m[32mMapped {/api/two-factor/enable, POST} route[39m[38;5;3m +1ms[39m
[32m[Nest] 109331  - [39m09/16/2026, 6:28:28 AM [32m    LOG[39m [38;5;3m[RouterExplorer] [39m[32mMapped {/api/two-factor/verify, POST} route[39m[38;5;3m +0ms[39m
[32m[Nest] 109331  - [39m09/16/2026, 6:28:28 AM [32m    LOG[39m [38;5;3m[RouterExplorer] [39m[32mMapped {/api/two-factor/disable, POST} route[39m[38;5;3m +1ms[39m
[32m[Nest] 109331  - [39m09/16/2026, 6:28:28 AM [32m    LOG[39m [38;5;3m[RouterExplorer] [39m[32mMapped {/api/two-factor/status, GET} route[39m[38;5;3m +0ms[39m
[32m[Nest] 109331  - [39m09/16/2026, 6:28:28 AM [32m    LOG[39m [38;5;3m[RoutesResolver] [39m[32mTransferController {/api/transfer}:[39m[38;5;3m +0ms[39m
[32m[Nest] 109331  - [39m09/16/2026, 6:28:28 AM [32m    LOG[39m [38;5;3m[RouterExplorer] [39m[32mMapped {/api/transfer/generate, POST} route[39m[38;5;3m +0ms[39m
[32m[Nest] 109331  - [39m09/16/2026, 6:28:28 AM [32m    LOG[39m [38;5;3m[RouterExplorer] [39m[32mMapped {/api/transfer/consume, GET} route[39m[38;5;3m +1ms[39m
[32m[Nest] 109331  - [39m09/16/2026, 6:28:28 AM [32m    LOG[39m [38;5;3m[RouterExplorer] [39m[32mMapped {/api/transfer/consume, POST} route[39m[38;5;3m +0ms[39m
[32m[Nest] 109331  - [39m09/16/2026, 6:28:28 AM [32m    LOG[39m [38;5;3m[RouterExplorer] [39m[32mMapped {/api/transfer/swap, POST} route[39m[38;5;3m +0ms[39m
[32m[Nest] 109331  - [39m09/16/2026, 6:28:28 AM [32m    LOG[39m [38;5;3m[RoutesResolver] [39m[32mUsersController {/api/users}:[39m[38;5;3m +1ms[39m
[32m[Nest] 109331  - [39m09/16/2026, 6:28:28 AM [32m    LOG[39m [38;5;3m[RouterExplorer] [39m[32mMapped {/api/users/me, DELETE} route[39m[38;5;3m +0ms[39m
[32m[Nest] 109331  - [39m09/16/2026, 6:28:28 AM [32m    LOG[39m [38;5;3m[RouterExplorer] [39m[32mMapped {/api/users/me/permanent, DELETE} route[39m[38;5;3m +1ms[39m
[32m[Nest] 109331  - [39m09/16/2026, 6:28:28 AM [32m    LOG[39m [38;5;3m[RouterExplorer] [39m[32mMapped {/api/users/me/restore, POST} route[39m[38;5;3m +0ms[39m
[32m[Nest] 109331  - [39m09/16/2026, 6:28:28 AM [32m    LOG[39m [38;5;3m[RouterExplorer] [39m[32mMapped {/api/users/me/export, GET} route[39m[38;5;3m +1ms[39m
[32m[Nest] 109331  - [39m09/16/2026, 6:28:28 AM [32m    LOG[39m [38;5;3m[RouterExplorer] [39m[32mMapped {/api/users/me/notification-preferences, GET} route[39m[38;5;3m +0ms[39m
[32m[Nest] 109331  - [39m09/16/2026, 6:28:28 AM [32m    LOG[39m [38;5;3m[RouterExplorer] [39m[32mMapped {/api/users/me, GET} route[39m[38;5;3m +0ms[39m
[32m[Nest] 109331  - [39m09/16/2026, 6:28:28 AM [32m    LOG[39m [38;5;3m[RouterExplorer] [39m[32mMapped {/api/users/me/stats, GET} route[39m[38;5;3m +1ms[39m
[32m[Nest] 109331  - [39m09/16/2026, 6:28:28 AM [32m    LOG[39m [38;5;3m[RouterExplorer] [39m[32mMapped {/api/users/me/xp, GET} route[39m[38;5;3m +0ms[39m
[32m[Nest] 109331  - [39m09/16/2026, 6:28:28 AM [32m    LOG[39m [38;5;3m[RouterExplorer] [39m[32mMapped {/api/users/me/assess-proficiency, POST} route[39m[38;5;3m +1ms[39m
[32m[Nest] 109331  - [39m09/16/2026, 6:28:28 AM [32m    LOG[39m [38;5;3m[RouterExplorer] [39m[32mMapped {/api/users/me, PATCH} route[39m[38;5;3m +0ms[39m
[32m[Nest] 109331  - [39m09/16/2026, 6:28:28 AM [32m    LOG[39m [38;5;3m[RouterExplorer] [39m[32mMapped {/api/users/me/greeting, PATCH} route[39m[38;5;3m +0ms[39m
[32m[Nest] 109331  - [39m09/16/2026, 6:28:28 AM [32m    LOG[39m [38;5;3m[RouterExplorer] [39m[32mMapped {/api/users/me/away, PATCH} route[39m[38;5;3m +1ms[39m
[32m[Nest] 109331  - [39m09/16/2026, 6:28:28 AM [32m    LOG[39m [38;5;3m[RouterExplorer] [39m[32mMapped {/api/users/me/cover-photo/presigned-url, POST} route[39m[38;5;3m +0ms[39m
[32m[Nest] 109331  - [39m09/16/2026, 6:28:28 AM [32m    LOG[39m [38;5;3m[RouterExplorer] [39m[32mMapped {/api/users/me/cover-photo, PATCH} route[39m[38;5;3m +0ms[39m
[32m[Nest] 109331  - [39m09/16/2026, 6:28:28 AM [32m    LOG[39m [38;5;3m[RouterExplorer] [39m[32mMapped {/api/users/me/avatar/presigned-url, POST} route[39m[38;5;3m +1ms[39m
[32m[Nest] 109331  - [39m09/16/2026, 6:28:28 AM [32m    LOG[39m [38;5;3m[RouterExplorer] [39m[32mMapped {/api/users/me/visitors, GET} route[39m[38;5;3m +0ms[39m
[32m[Nest] 109331  - [39m09/16/2026, 6:28:28 AM [32m    LOG[39m [38;5;3m[RouterExplorer] [39m[32mMapped {/api/users/status/:statusId/viewers, GET} route[39m[38;5;3m +0ms[39m
[32m[Nest] 109331  - [39m09/16/2026, 6:28:28 AM [32m    LOG[39m [38;5;3m[RouterExplorer] [39m[32mMapped {/api/users/me/status-viewers, GET} route[39m[38;5;3m +1ms[39m
[32m[Nest] 109331  - [39m09/16/2026, 6:28:28 AM [32m    LOG[39m [38;5;3m[RouterExplorer] [39m[32mMapped {/api/users/hobbies, GET} route[39m[38;5;3m +0ms[39m
[32m[Nest] 109331  - [39m09/16/2026, 6:28:28 AM [32m    LOG[39m [38;5;3m[RouterExplorer] [39m[32mMapped {/api/users/interests, GET} route[39m[38;5;3m +0ms[39m
[32m[Nest] 109331  - [39m09/16/2026, 6:28:28 AM [32m    LOG[39m [38;5;3m[RouterExplorer] [39m[32mMapped {/api/users/search, GET} route[39m[38;5;3m +1ms[39m
[32m[Nest] 109331  - [39m09/16/2026, 6:28:28 AM [32m    LOG[39m [38;5;3m[RouterExplorer] [39m[32mMapped {/api/users/me/badges, GET} route[39m[38;5;3m +0ms[39m
[32m[Nest] 109331  - [39m09/16/2026, 6:28:28 AM [32m    LOG[39m [38;5;3m[RouterExplorer] [39m[32mMapped {/api/users/:id, GET} route[39m[38;5;3m +0ms[39m
[32m[Nest] 109331  - [39m09/16/2026, 6:28:28 AM [32m    LOG[39m [38;5;3m[RouterExplorer] [39m[32mMapped {/api/users/:id/stats, GET} route[39m[38;5;3m +1ms[39m
[32m[Nest] 109331  - [39m09/16/2026, 6:28:28 AM [32m    LOG[39m [38;5;3m[RouterExplorer] [39m[32mMapped {/api/users/:id/followers, GET} route[39m[38;5;3m +0ms[39m
[32m[Nest] 109331  - [39m09/16/2026, 6:28:28 AM [32m    LOG[39m [38;5;3m[RouterExplorer] [39m[32mMapped {/api/users/:id/following, GET} route[39m[38;5;3m +1ms[39m
[32m[Nest] 109331  - [39m09/16/2026, 6:28:28 AM [32m    LOG[39m [38;5;3m[RouterExplorer] [39m[32mMapped {/api/users/:id/follow, POST} route[39m[38;5;3m +0ms[39m
[32m[Nest] 109331  - [39m09/16/2026, 6:28:28 AM [32m    LOG[39m [38;5;3m[RouterExplorer] [39m[32mMapped {/api/users/:id/follow, DELETE} route[39m[38;5;3m +0ms[39m
[32m[Nest] 109331  - [39m09/16/2026, 6:28:28 AM [32m    LOG[39m [38;5;3m[RouterExplorer] [39m[32mMapped {/api/users/block/:id, POST} route[39m[38;5;3m +0ms[39m
[32m[Nest] 109331  - [39m09/16/2026, 6:28:28 AM [32m    LOG[39m [38;5;3m[RouterExplorer] [39m[32mMapped {/api/users/block/:id, DELETE} route[39m[38;5;3m +1ms[39m
[32m[Nest] 109331  - [39m09/16/2026, 6:28:28 AM [32m    LOG[39m [38;5;3m[RouterExplorer] [39m[32mMapped {/api/users/report, POST} route[39m[38;5;3m +0ms[39m
[32m[Nest] 109331  - [39m09/16/2026, 6:28:28 AM [32m    LOG[39m [38;5;3m[RouterExplorer] [39m[32mMapped {/api/users/me/privacy-settings, GET} route[39m[38;5;3m +0ms[39m
[32m[Nest] 109331  - [39m09/16/2026, 6:28:29 AM [32m    LOG[39m [38;5;3m[RouterExplorer] [39m[32mMapped {/api/users/me/message-filters, GET} route[39m[38;5;3m +1ms[39m
[32m[Nest] 109331  - [39m09/16/2026, 6:28:29 AM [32m    LOG[39m [38;5;3m[RouterExplorer] [39m[32mMapped {/api/users/me/message-filters, PUT} route[39m[38;5;3m +0ms[39m
[32m[Nest] 109331  - [39m09/16/2026, 6:28:29 AM [32m    LOG[39m [38;5;3m[RouterExplorer] [39m[32mMapped {/api/users/me/privacy, PATCH} route[39m[38;5;3m +0ms[39m
[32m[Nest] 109331  - [39m09/16/2026, 6:28:29 AM [32m    LOG[39m [38;5;3m[RouterExplorer] [39m[32mMapped {/api/users/me/business, GET} route[39m[38;5;3m +1ms[39m
[32m[Nest] 109331  - [39m09/16/2026, 6:28:29 AM [32m    LOG[39m [38;5;3m[RouterExplorer] [39m[32mMapped {/api/users/me/business, PATCH} route[39m[38;5;3m +0ms[39m
[32m[Nest] 109331  - [39m09/16/2026, 6:28:29 AM [32m    LOG[39m [38;5;3m[RouterExplorer] [39m[32mMapped {/api/users/me/dnd, PATCH} route[39m[38;5;3m +0ms[39m
[32m[Nest] 109331  - [39m09/16/2026, 6:28:29 AM [32m    LOG[39m [38;5;3m[RouterExplorer] [39m[32mMapped {/api/users/me/status-visibility, PATCH} route[39m[38;5;3m +1ms[39m
[32m[Nest] 109331  - [39m09/16/2026, 6:28:29 AM [32m    LOG[39m [38;5;3m[RouterExplorer] [39m[32mMapped {/api/users/me/contact-sharing, POST} route[39m[38;5;3m +0ms[39m
[32m[Nest] 109331  - [39m09/16/2026, 6:28:29 AM [32m    LOG[39m [38;5;3m[RouterExplorer] [39m[32mMapped {/api/users/me/notification-preferences, PATCH} route[39m[38;5;3m +0ms[39m
[32m[Nest] 109331  - [39m09/16/2026, 6:28:29 AM [32m    LOG[39m [38;5;3m[RoutesResolver] [39m[32mDeviceLinkController {/api/generate-device-link}:[39m[38;5;3m +0ms[39m
[32m[Nest] 109331  - [39m09/16/2026, 6:28:29 AM [32m    LOG[39m [38;5;3m[RouterExplorer] [39m[32mMapped {/api/generate-device-link, POST} route[39m[38;5;3m +1ms[39m
[32m[Nest] 109331  - [39m09/16/2026, 6:28:29 AM [32m    LOG[39m [38;5;3m[RoutesResolver] [39m[32mNotificationsController {/api/notifications}:[39m[38;5;3m +0ms[39m
[32m[Nest] 109331  - [39m09/16/2026, 6:28:29 AM [32m    LOG[39m [38;5;3m[RouterExplorer] [39m[32mMapped {/api/notifications, GET} route[39m[38;5;3m +0ms[39m
[32m[Nest] 109331  - [39m09/16/2026, 6:28:29 AM [32m    LOG[39m [38;5;3m[RouterExplorer] [39m[32mMapped {/api/notifications/unread-count, GET} route[39m[38;5;3m +1ms[39m
[32m[Nest] 109331  - [39m09/16/2026, 6:28:29 AM [32m    LOG[39m [38;5;3m[RouterExplorer] [39m[32mMapped {/api/notifications/preferences, GET} route[39m[38;5;3m +0ms[39m
[32m[Nest] 109331  - [39m09/16/2026, 6:28:29 AM [32m    LOG[39m [38;5;3m[RouterExplorer] [39m[32mMapped {/api/notifications/preferences, PUT} route[39m[38;5;3m +0ms[39m
[32m[Nest] 109331  - [39m09/16/2026, 6:28:29 AM [32m    LOG[39m [38;5;3m[RouterExplorer] [39m[32mMapped {/api/notifications/read-all, PATCH} route[39m[38;5;3m +1ms[39m
[32m[Nest] 109331  - [39m09/16/2026, 6:28:29 AM [32m    LOG[39m [38;5;3m[RouterExplorer] [39m[32mMapped {/api/notifications/:id/read, PATCH} route[39m[38;5;3m +0ms[39m
[32m[Nest] 109331  - [39m09/16/2026, 6:28:29 AM [32m    LOG[39m [38;5;3m[RoutesResolver] [39m[32mNotificationPreferencesController {/api/notification-preferences}:[39m[38;5;3m +0ms[39m
[32m[Nest] 109331  - [39m09/16/2026, 6:28:29 AM [32m    LOG[39m [38;5;3m[RouterExplorer] [39m[32mMapped {/api/notification-preferences, GET} route[39m[38;5;3m +1ms[39m
[32m[Nest] 109331  - [39m09/16/2026, 6:28:29 AM [32m    LOG[39m [38;5;3m[RouterExplorer] [39m[32mMapped {/api/notification-preferences, PUT} route[39m[38;5;3m +0ms[39m
[32m[Nest] 109331  - [39m09/16/2026, 6:28:29 AM [32m    LOG[39m [38;5;3m[RouterExplorer] [39m[32mMapped {/api/notification-preferences/reset, POST} route[39m[38;5;3m +0ms[39m
[32m[Nest] 109331  - [39m09/16/2026, 6:28:29 AM [32m    LOG[39m [38;5;3m[RouterExplorer] [39m[32mMapped {/api/notification-preferences/:category/:channel, PATCH} route[39m[38;5;3m +0ms[39m
[32m[Nest] 109331  - [39m09/16/2026, 6:28:29 AM [32m    LOG[39m [38;5;3m[RoutesResolver] [39m[32mMediaController {/api/media}:[39m[38;5;3m +1ms[39m
[32m[Nest] 109331  - [39m09/16/2026, 6:28:29 AM [32m    LOG[39m [38;5;3m[RouterExplorer] [39m[32mMapped {/api/media/cover/presigned-url, POST} route[39m[38;5;3m +0ms[39m
[32m[Nest] 109331  - [39m09/16/2026, 6:28:29 AM [32m    LOG[39m [38;5;3m[RouterExplorer] [39m[32mMapped {/api/media/voice-note, POST} route[39m[38;5;3m +0ms[39m
[32m[Nest] 109331  - [39m09/16/2026, 6:28:29 AM [32m    LOG[39m [38;5;3m[RouterExplorer] [39m[32mMapped {/api/media/cover/confirm, POST} route[39m[38;5;3m +1ms[39m
[32m[Nest] 109331  - [39m09/16/2026, 6:28:29 AM [32m    LOG[39m [38;5;3m[RouterExplorer] [39m[32mMapped {/api/media/cover/upload, POST} route[39m[38;5;3m +0ms[39m
[32m[Nest] 109331  - [39m09/16/2026, 6:28:29 AM [32m    LOG[39m [38;5;3m[RouterExplorer] [39m[32mMapped {/api/media/avatar/upload, POST} route[39m[38;5;3m +0ms[39m
[32m[Nest] 109331  - [39m09/16/2026, 6:28:29 AM [32m    LOG[39m [38;5;3m[RouterExplorer] [39m[32mMapped {/api/media/view-once/mark-viewed, POST} route[39m[38;5;3m +1ms[39m
[32m[Nest] 109331  - [39m09/16/2026, 6:28:29 AM [32m    LOG[39m [38;5;3m[RoutesResolver] [39m[32mChatMediaController {/api/media/chat}:[39m[38;5;3m +0ms[39m
[32m[Nest] 109331  - [39m09/16/2026, 6:28:29 AM [32m    LOG[39m [38;5;3m[RouterExplorer] [39m[32mMapped {/api/media/chat/presigned-url, POST} route[39m[38;5;3m +0ms[39m
[32m[Nest] 109331  - [39m09/16/2026, 6:28:29 AM [32m    LOG[39m [38;5;3m[RoutesResolver] [39m[32mXpController {/api/xp}:[39m[38;5;3m +0ms[39m
[32m[Nest] 109331  - [39m09/16/2026, 6:28:29 AM [32m    LOG[39m [38;5;3m[RouterExplorer] [39m[32mMapped {/api/xp, GET} route[39m[38;5;3m +1ms[39m
[32m[Nest] 109331  - [39m09/16/2026, 6:28:29 AM [32m    LOG[39m [38;5;3m[RouterExplorer] [39m[32mMapped {/api/xp/history, GET} route[39m[38;5;3m +0ms[39m
[32m[Nest] 109331  - [39m09/16/2026, 6:28:29 AM [32m    LOG[39m [38;5;3m[RouterExplorer] [39m[32mMapped {/api/xp/activities, GET} route[39m[38;5;3m +0ms[39m
[32m[Nest] 109331  - [39m09/16/2026, 6:28:29 AM [32m    LOG[39m [38;5;3m[RoutesResolver] [39m[32mDiscoveryController {/api/discovery}:[39m[38;5;3m +1ms[39m
[32m[Nest] 109331  - [39m09/16/2026, 6:28:29 AM [32m    LOG[39m [38;5;3m[RouterExplorer] [39m[32mMapped {/api/discovery/partners, GET} route[39m[38;5;3m +0ms[39m
[32m[Nest] 109331  - [39m09/16/2026, 6:28:29 AM [32m    LOG[39m [38;5;3m[RouterExplorer] [39m[32mMapped {/api/discovery/partner-of-week, GET} route[39m[38;5;3m +0ms[39m
[32m[Nest] 109331  - [39m09/16/2026, 6:28:29 AM [32m    LOG[39m [38;5;3m[RouterExplorer] [39m[32mMapped {/api/discovery/audio-intros, GET} route[39m[38;5;3m +1ms[39m
[32m[Nest] 109331  - [39m09/16/2026, 6:28:29 AM [32m    LOG[39m [38;5;3m[RouterExplorer] [39m[32mMapped {/api/discovery/recent-native-speakers, GET} route[39m[38;5;3m +0ms[39m
[32m[Nest] 109331  - [39m09/16/2026, 6:28:29 AM [32m    LOG[39m [38;5;3m[RouterExplorer] [39m[32mMapped {/api/discovery/spotlight, GET} route[39m[38;5;3m +0ms[39m
[32m[Nest] 109331  - [39m09/16/2026, 6:28:29 AM [32m    LOG[39m [38;5;3m[RouterExplorer] [39m[32mMapped {/api/discovery/language-pair, GET} route[39m[38;5;3m +1ms[39m
[32m[Nest] 109331  - [39m09/16/2026, 6:28:29 AM [32m    LOG[39m [38;5;3m[RouterExplorer] [39m[32mMapped {/api/discovery/search-by-location, GET} route[39m[38;5;3m +0ms[39m
[32m[Nest] 109331  - [39m09/16/2026, 6:28:29 AM [32m    LOG[39m [38;5;3m[RouterExplorer] [39m[32mMapped {/api/discovery/degradation-status, GET} route[39m[38;5;3m +1ms[39m
[32m[Nest] 109331  - [39m09/16/2026, 6:28:29 AM [32m    LOG[39m [38;5;3m[RouterExplorer] [39m[32mMapped {/api/discovery/partners-with-degradation, GET} route[39m[38;5;3m +0ms[39m
[32m[Nest] 109331  - [39m09/16/2026, 6:28:29 AM [32m    LOG[39m [38;5;3m[RoutesResolver] [39m[32mAudioRoomsController {/api/audio-rooms}:[39m[38;5;3m +0ms[39m
[32m[Nest] 109331  - [39m09/16/2026, 6:28:29 AM [32m    LOG[39m [38;5;3m[RouterExplorer] [39m[32mMapped {/api/audio-rooms/create, POST} route[39m[38;5;3m +1ms[39m
[32m[Nest] 109331  - [39m09/16/2026, 6:28:29 AM [32m    LOG[39m [38;5;3m[RouterExplorer] [39m[32mMapped {/api/audio-rooms/archive-recording, POST} route[39m[38;5;3m +0ms[39m
[32m[Nest] 109331  - [39m09/16/2026, 6:28:29 AM [32m    LOG[39m [38;5;3m[RouterExplorer] [39m[32mMapped {/api/audio-rooms/token, POST} route[39m[38;5;3m +0ms[39m
[32m[Nest] 109331  - [39m09/16/2026, 6:28:29 AM [32m    LOG[39m [38;5;3m[RouterExplorer] [39m[32mMapped {/api/audio-rooms/list, GET} route[39m[38;5;3m +0ms[39m
[32m[Nest] 109331  - [39m09/16/2026, 6:28:29 AM [32m    LOG[39m [38;5;3m[RouterExplorer] [39m[32mMapped {/api/audio-rooms/by-language, GET} route[39m[38;5;3m +1ms[39m
[32m[Nest] 109331  - [39m09/16/2026, 6:28:29 AM [32m    LOG[39m [38;5;3m[RouterExplorer] [39m[32mMapped {/api/audio-rooms/topics, GET} route[39m[38;5;3m +0ms[39m
[32m[Nest] 109331  - [39m09/16/2026, 6:28:29 AM [32m    LOG[39m [38;5;3m[RouterExplorer] [39m[32mMapped {/api/audio-rooms/levels, GET} route[39m[38;5;3m +0ms[39m
[32m[Nest] 109331  - [39m09/16/2026, 6:28:29 AM [32m    LOG[39m [38;5;3m[RouterExplorer] [39m[32mMapped {/api/audio-rooms/private, GET} route[39m[38;5;3m +1ms[39m
[32m[Nest] 109331  - [39m09/16/2026, 6:28:29 AM [32m    LOG[39m [38;5;3m[RouterExplorer] [39m[32mMapped {/api/audio-rooms/call-logs, GET} route[39m[38;5;3m +0ms[39m
[32m[Nest] 109331  - [39m09/16/2026, 6:28:29 AM [32m    LOG[39m [38;5;3m[RouterExplorer] [39m[32mMapped {/api/audio-rooms/exclusive-emojis, GET} route[39m[38;5;3m +0ms[39m
[32m[Nest] 109331  - [39m09/16/2026, 6:28:29 AM [32m    LOG[39m [38;5;3m[RouterExplorer] [39m[32mMapped {/api/audio-rooms/:id, GET} route[39m[38;5;3m +0ms[39m
[32m[Nest] 109331  - [39m09/16/2026, 6:28:29 AM [32m    LOG[39m [38;5;3m[RouterExplorer] [39m[32mMapped {/api/audio-rooms/:id/stage, GET} route[39m[38;5;3m +1ms[39m
[32m[Nest] 109331  - [39m09/16/2026, 6:28:29 AM [32m    LOG[39m [38;5;3m[RouterExplorer] [39m[32mMapped {/api/audio-rooms/:id/stage/reorder, POST} route[39m[38;5;3m +0ms[39m
[32m[Nest] 109331  - [39m09/16/2026, 6:28:29 AM [32m    LOG[39m [38;5;3m[RouterExplorer] [39m[32mMapped {/api/audio-rooms/:id/stage/clear, POST} route[39m[38;5;3m +0ms[39m
[32m[Nest] 109331  - [39m09/16/2026, 6:28:29 AM [32m    LOG[39m [38;5;3m[RouterExplorer] [39m[32mMapped {/api/audio-rooms/language-parties, POST} route[39m[38;5;3m +1ms[39m
[32m[Nest] 109331  - [39m09/16/2026, 6:28:29 AM [32m    LOG[39m [38;5;3m[RouterExplorer] [39m[32mMapped {/api/audio-rooms/private, POST} route[39m[38;5;3m +1ms[39m
[32m[Nest] 109331  - [39m09/16/2026, 6:28:29 AM [32m    LOG[39m [38;5;3m[RouterExplorer] [39m[32mMapped {/api/audio-rooms/raise-hand, POST} route[39m[38;5;3m +2ms[39m
[32m[Nest] 109331  - [39m09/16/2026, 6:28:29 AM [32m    LOG[39m [38;5;3m[RouterExplorer] [39m[32mMapped {/api/audio-rooms/approve-speaker, POST} route[39m[38;5;3m +1ms[39m
[32m[Nest] 109331  - [39m09/16/2026, 6:28:29 AM [32m    LOG[39m [38;5;3m[RouterExplorer] [39m[32mMapped {/api/audio-rooms/mute-speaker, POST} route[39m[38;5;3m +0ms[39m
[32m[Nest] 109331  - [39m09/16/2026, 6:28:29 AM [32m    LOG[39m [38;5;3m[RouterExplorer] [39m[32mMapped {/api/audio-rooms/kick-speaker, POST} route[39m[38;5;3m +0ms[39m
[32m[Nest] 109331  - [39m09/16/2026, 6:28:29 AM [32m    LOG[39m [38;5;3m[RouterExplorer] [39m[32mMapped {/api/audio-rooms/demote-speaker, POST} route[39m[38;5;3m +1ms[39m
[32m[Nest] 109331  - [39m09/16/2026, 6:28:29 AM [32m    LOG[39m [38;5;3m[RouterExplorer] [39m[32mMapped {/api/audio-rooms/dismiss-raised-hand, POST} route[39m[38;5;3m +1ms[39m
[32m[Nest] 109331  - [39m09/16/2026, 6:28:29 AM [32m    LOG[39m [38;5;3m[RouterExplorer] [39m[32mMapped {/api/audio-rooms/invite-co-host, POST} route[39m[38;5;3m +0ms[39m
[32m[Nest] 109331  - [39m09/16/2026, 6:28:29 AM [32m    LOG[39m [38;5;3m[RouterExplorer] [39m[32mMapped {/api/audio-rooms/remove-co-host, POST} route[39m[38;5;3m +0ms[39m
[32m[Nest] 109331  - [39m09/16/2026, 6:28:29 AM [32m    LOG[39m [38;5;3m[RouterExplorer] [39m[32mMapped {/api/audio-rooms/captions, POST} route[39m[38;5;3m +1ms[39m
[32m[Nest] 109331  - [39m09/16/2026, 6:28:29 AM [32m    LOG[39m [38;5;3m[RouterExplorer] [39m[32mMapped {/api/audio-rooms/ai-captions, POST} route[39m[38;5;3m +0ms[39m
[32m[Nest] 109331  - [39m09/16/2026, 6:28:29 AM [32m    LOG[39m [38;5;3m[RouterExplorer] [39m[32mMapped {/api/audio-rooms/archive, POST} route[39m[38;5;3m +1ms[39m
[32m[Nest] 109331  - [39m09/16/2026, 6:28:29 AM [32m    LOG[39m [38;5;3m[RouterExplorer] [39m[32mMapped {/api/audio-rooms/:roomId/notes, POST} route[39m[38;5;3m +0ms[39m
[32m[Nest] 109331  - [39m09/16/2026, 6:28:29 AM [32m    LOG[39m [38;5;3m[RouterExplorer] [39m[32mMapped {/api/audio-rooms/:roomId/notes, GET} route[39m[38;5;3m +1ms[39m
[32m[Nest] 109331  - [39m09/16/2026, 6:28:29 AM [32m    LOG[39m [38;5;3m[RouterExplorer] [39m[32mMapped {/api/audio-rooms/:roomId/notes/:noteId, DELETE} route[39m[38;5;3m +0ms[39m
[32m[Nest] 109331  - [39m09/16/2026, 6:28:29 AM [32m    LOG[39m [38;5;3m[RouterExplorer] [39m[32mMapped {/api/audio-rooms/:id/transcript, GET} route[39m[38;5;3m +0ms[39m
[32m[Nest] 109331  - [39m09/16/2026, 6:28:29 AM [32m    LOG[39m [38;5;3m[RouterExplorer] [39m[32mMapped {/api/audio-rooms/:roomId/polls, POST} route[39m[38;5;3m +1ms[39m
[32m[Nest] 109331  - [39m09/16/2026, 6:28:29 AM [32m    LOG[39m [38;5;3m[RouterExplorer] [39m[32mMapped {/api/audio-rooms/polls/vote, POST} route[39m[38;5;3m +0ms[39m
[32m[Nest] 109331  - [39m09/16/2026, 6:28:29 AM [32m    LOG[39m [38;5;3m[RouterExplorer] [39m[32mMapped {/api/audio-rooms/:roomId/polls/:pollId, GET} route[39m[38;5;3m +0ms[39m
[32m[Nest] 109331  - [39m09/16/2026, 6:28:29 AM [32m    LOG[39m [38;5;3m[RouterExplorer] [39m[32mMapped {/api/audio-rooms/soundboard/list, GET} route[39m[38;5;3m +0ms[39m
[32m[Nest] 109331  - [39m09/16/2026, 6:28:29 AM [32m    LOG[39m [38;5;3m[RouterExplorer] [39m[32mMapped {/api/audio-rooms/soundboard/play, POST} route[39m[38;5;3m +1ms[39m
[32m[Nest] 109331  - [39m09/16/2026, 6:28:29 AM [32m    LOG[39m [38;5;3m[RouterExplorer] [39m[32mMapped {/api/audio-rooms/:roomId/reactions, POST} route[39m[38;5;3m +0ms[39m
[32m[Nest] 109331  - [39m09/16/2026, 6:28:29 AM [32m    LOG[39m [38;5;3m[RouterExplorer] [39m[32mMapped {/api/audio-rooms/:roomId/tip, POST} route[39m[38;5;3m +0ms[39m
[32m[Nest] 109331  - [39m09/16/2026, 6:28:29 AM [32m    LOG[39m [38;5;3m[RoutesResolver] [39m[32mAudioRoomsPreviewController {/api/audio-rooms}:[39m[38;5;3m +0ms[39m
[32m[Nest] 109331  - [39m09/16/2026, 6:28:29 AM [32m    LOG[39m [38;5;3m[RouterExplorer] [39m[32mMapped {/api/audio-rooms/preview/:id, GET} route[39m[38;5;3m +1ms[39m
[32m[Nest] 109331  - [39m09/16/2026, 6:28:29 AM [32m    LOG[39m [38;5;3m[RoutesResolver] [39m[32mChatController {/api/chat}:[39m[38;5;3m +0ms[39m
[32m[Nest] 109331  - [39m09/16/2026, 6:28:29 AM [32m    LOG[39m [38;5;3m[RouterExplorer] [39m[32mMapped {/api/chat/token, POST} route[39m[38;5;3m +0ms[39m
[32m[Nest] 109331  - [39m09/16/2026, 6:28:29 AM [32m    LOG[39m [38;5;3m[RouterExplorer] [39m[32mMapped {/api/chat/messages, POST} route[39m[38;5;3m +1ms[39m
[32m[Nest] 109331  - [39m09/16/2026, 6:28:29 AM [32m    LOG[39m [38;5;3m[RouterExplorer] [39m[32mMapped {/api/chat/contacts/share, POST} route[39m[38;5;3m +0ms[39m
[32m[Nest] 109331  - [39m09/16/2026, 6:28:29 AM [32m    LOG[39m [38;5;3m[RouterExplorer] [39m[32mMapped {/api/chat/rooms, GET} route[39m[38;5;3m +0ms[39m
[32m[Nest] 109331  - [39m09/16/2026, 6:28:29 AM [32m    LOG[39m [38;5;3m[RouterExplorer] [39m[32mMapped {/api/chat/messages/:roomId, GET} route[39m[38;5;3m +0ms[39m
[32m[Nest] 109331  - [39m09/16/2026, 6:28:29 AM [32m    LOG[39m [38;5;3m[RouterExplorer] [39m[32mMapped {/api/chat/favourites, POST} route[39m[38;5;3m +1ms[39m
[32m[Nest] 109331  - [39m09/16/2026, 6:28:29 AM [32m    LOG[39m [38;5;3m[RouterExplorer] [39m[32mMapped {/api/chat/favourites, GET} route[39m[38;5;3m +0ms[39m
[32m[Nest] 109331  - [39m09/16/2026, 6:28:29 AM [32m    LOG[39m [38;5;3m[RouterExplorer] [39m[32mMapped {/api/chat/favourites/:id, DELETE} route[39m[38;5;3m +0ms[39m
[32m[Nest] 109331  - [39m09/16/2026, 6:28:29 AM [32m    LOG[39m [38;5;3m[RouterExplorer] [39m[32mMapped {/api/chat/llm-proxy, POST} route[39m[38;5;3m +1ms[39m
[32m[Nest] 109331  - [39m09/16/2026, 6:28:29 AM [32m    LOG[39m [38;5;3m[RouterExplorer] [39m[32mMapped {/api/chat/ai-partner, POST} route[39m[38;5;3m +0ms[39m
[32m[Nest] 109331  - [39m09/16/2026, 6:28:29 AM [32m    LOG[39m [38;5;3m[RouterExplorer] [39m[32mMapped {/api/chat/suggested-replies, POST} route[39m[38;5;3m +0ms[39m
[32m[Nest] 109331  - [39m09/16/2026, 6:28:29 AM [32m    LOG[39m [38;5;3m[RouterExplorer] [39m[32mMapped {/api/chat/conversation-starters, POST} route[39m[38;5;3m +0ms[39m
[32m[Nest] 109331  - [39m09/16/2026, 6:28:29 AM [32m    LOG[39m [38;5;3m[RouterExplorer] [39m[32mMapped {/api/chat/translate-voiceroom, POST} route[39m[38;5;3m +1ms[39m
[32m[Nest] 109331  - [39m09/16/2026, 6:28:29 AM [32m    LOG[39m [38;5;3m[RouterExplorer] [39m[32mMapped {/api/chat/translate-real-time, POST} route[39m[38;5;3m +0ms[39m
[32m[Nest] 109331  - [39m09/16/2026, 6:28:29 AM [32m    LOG[39m [38;5;3m[RouterExplorer] [39m[32mMapped {/api/chat/messages/status-reply, POST} route[39m[38;5;3m +1ms[39m
[32m[Nest] 109331  - [39m09/16/2026, 6:28:29 AM [32m    LOG[39m [38;5;3m[RouterExplorer] [39m[32mMapped {/api/chat/messages/:messageId/correct, POST} route[39m[38;5;3m +0ms[39m
[32m[Nest] 109331  - [39m09/16/2026, 6:28:29 AM [32m    LOG[39m [38;5;3m[RouterExplorer] [39m[32mMapped {/api/chat/messages/:messageId/fix, PATCH} route[39m[38;5;3m +0ms[39m
[32m[Nest] 109331  - [39m09/16/2026, 6:28:29 AM [32m    LOG[39m [38;5;3m[RouterExplorer] [39m[32mMapped {/api/chat/messages/:messageId/status, PATCH} route[39m[38;5;3m +0ms[39m
[32m[Nest] 109331  - [39m09/16/2026, 6:28:29 AM [32m    LOG[39m [38;5;3m[RouterExplorer] [39m[32mMapped {/api/chat/messages/:messageId/view, POST} route[39m[38;5;3m +1ms[39m
[32m[Nest] 109331  - [39m09/16/2026, 6:28:29 AM [32m    LOG[39m [38;5;3m[RouterExplorer] [39m[32mMapped {/api/chat/messages/:messageId, DELETE} route[39m[38;5;3m +0ms[39m
[32m[Nest] 109331  - [39m09/16/2026, 6:28:29 AM [32m    LOG[39m [38;5;3m[RouterExplorer] [39m[32mMapped {/api/chat/rooms/:roomId/members, GET} route[39m[38;5;3m +0ms[39m
[32m[Nest] 109331  - [39m09/16/2026, 6:28:29 AM [32m    LOG[39m [38;5;3m[RouterExplorer] [39m[32mMapped {/api/chat/rooms/:roomId/lock, POST} route[39m[38;5;3m +1ms[39m
[32m[Nest] 109331  - [39m09/16/2026, 6:28:29 AM [32m    LOG[39m [38;5;3m[RouterExplorer] [39m[32mMapped {/api/chat/rooms/:roomId/unlock, POST} route[39m[38;5;3m +0ms[39m
[32m[Nest] 109331  - [39m09/16/2026, 6:28:29 AM [32m    LOG[39m [38;5;3m[RouterExplorer] [39m[32mMapped {/api/chat/locked-rooms, GET} route[39m[38;5;3m +0ms[39m
[32m[Nest] 109331  - [39m09/16/2026, 6:28:29 AM [32m    LOG[39m [38;5;3m[RouterExplorer] [39m[32mMapped {/api/chat/labels, POST} route[39m[38;5;3m +1ms[39m
[32m[Nest] 109331  - [39m09/16/2026, 6:28:29 AM [32m    LOG[39m [38;5;3m[RouterExplorer] [39m[32mMapped {/api/chat/labels, DELETE} route[39m[38;5;3m +0ms[39m
[32m[Nest] 109331  - [39m09/16/2026, 6:28:29 AM [32m    LOG[39m [38;5;3m[RouterExplorer] [39m[32mMapped {/api/chat/labels, GET} route[39m[38;5;3m +0ms[39m
[32m[Nest] 109331  - [39m09/16/2026, 6:28:29 AM [32m    LOG[39m [38;5;3m[RouterExplorer] [39m[32mMapped {/api/chat/labels/:label/rooms, GET} route[39m[38;5;3m +1ms[39m
[32m[Nest] 109331  - [39m09/16/2026, 6:28:29 AM [32m    LOG[39m [38;5;3m[RouterExplorer] [39m[32mMapped {/api/chat/rooms/:roomId/export, GET} route[39m[38;5;3m +0ms[39m
[32m[Nest] 109331  - [39m09/16/2026, 6:28:29 AM [32m    LOG[39m [38;5;3m[RouterExplorer] [39m[32mMapped {/api/chat/rooms/:roomId/greeting, GET} route[39m[38;5;3m +0ms[39m
[32m[Nest] 109331  - [39m09/16/2026, 6:28:29 AM [32m    LOG[39m [38;5;3m[RouterExplorer] [39m[32mMapped {/api/chat/rooms/:roomId/wallpaper, POST} route[39m[38;5;3m +0ms[39m
[32m[Nest] 109331  - [39m09/16/2026, 6:28:29 AM [32m    LOG[39m [38;5;3m[RouterExplorer] [39m[32mMapped {/api/chat/rooms/:roomId/wallpaper, GET} route[39m[38;5;3m +1ms[39m
[32m[Nest] 109331  - [39m09/16/2026, 6:28:29 AM [32m    LOG[39m [38;5;3m[RoutesResolver] [39m[32mChatArchiveController {/api/chat}:[39m[38;5;3m +0ms[39m
[32m[Nest] 109331  - [39m09/16/2026, 6:28:29 AM [32m    LOG[39m [38;5;3m[RouterExplorer] [39m[32mMapped {/api/chat/archived-rooms, GET} route[39m[38;5;3m +0ms[39m
[32m[Nest] 109331  - [39m09/16/2026, 6:28:29 AM [32m    LOG[39m [38;5;3m[RouterExplorer] [39m[32mMapped {/api/chat/rooms/:roomId/archive, POST} route[39m[38;5;3m +0ms[39m
[32m[Nest] 109331  - [39m09/16/2026, 6:28:29 AM [32m    LOG[39m [38;5;3m[RouterExplorer] [39m[32mMapped {/api/chat/rooms/:roomId/unarchive, POST} route[39m[38;5;3m +1ms[39m
[32m[Nest] 109331  - [39m09/16/2026, 6:28:29 AM [32m    LOG[39m [38;5;3m[RoutesResolver] [39m[32mChatEditController {/api/chat/messages}:[39m[38;5;3m +0ms[39m
[32m[Nest] 109331  - [39m09/16/2026, 6:28:29 AM [32m    LOG[39m [38;5;3m[RouterExplorer] [39m[32mMapped {/api/chat/messages/:messageId, PATCH} route[39m[38;5;3m +0ms[39m
[32m[Nest] 109331  - [39m09/16/2026, 6:28:29 AM [32m    LOG[39m [38;5;3m[RoutesResolver] [39m[32mChatMediaSendController {/api/media/chat}:[39m[38;5;3m +0ms[39m
[32m[Nest] 109331  - [39m09/16/2026, 6:28:29 AM [32m    LOG[39m [38;5;3m[RouterExplorer] [39m[32mMapped {/api/media/chat/send, POST} route[39m[38;5;3m +0ms[39m
[32m[Nest] 109331  - [39m09/16/2026, 6:28:29 AM [32m    LOG[39m [38;5;3m[RoutesResolver] [39m[32mChatSearchController {/api/chat/search}:[39m[38;5;3m +0ms[39m
[32m[Nest] 109331  - [39m09/16/2026, 6:28:29 AM [32m    LOG[39m [38;5;3m[RouterExplorer] [39m[32mMapped {/api/chat/search, GET} route[39m[38;5;3m +1ms[39m
[32m[Nest] 109331  - [39m09/16/2026, 6:28:29 AM [32m    LOG[39m [38;5;3m[RoutesResolver] [39m[32mChatSettingsController {/api/chat/settings}:[39m[38;5;3m +0ms[39m
[32m[Nest] 109331  - [39m09/16/2026, 6:28:29 AM [32m    LOG[39m [38;5;3m[RouterExplorer] [39m[32mMapped {/api/chat/settings, GET} route[39m[38;5;3m +0ms[39m
[32m[Nest] 109331  - [39m09/16/2026, 6:28:29 AM [32m    LOG[39m [38;5;3m[RouterExplorer] [39m[32mMapped {/api/chat/settings, PUT} route[39m[38;5;3m +0ms[39m
[32m[Nest] 109331  - [39m09/16/2026, 6:28:29 AM [32m    LOG[39m [38;5;3m[RoutesResolver] [39m[32mChatBackupController {/api/chat-backup}:[39m[38;5;3m +1ms[39m
[32m[Nest] 109331  - [39m09/16/2026, 6:28:29 AM [32m    LOG[39m [38;5;3m[RouterExplorer] [39m[32mMapped {/api/chat-backup/export/:channelId, GET} route[39m[38;5;3m +0ms[39m
[32m[Nest] 109331  - [39m09/16/2026, 6:28:29 AM [32m    LOG[39m [38;5;3m[RouterExplorer] [39m[32mMapped {/api/chat-backup/import/:channelId, POST} route[39m[38;5;3m +0ms[39m
[32m[Nest] 109331  - [39m09/16/2026, 6:28:29 AM [32m    LOG[39m [38;5;3m[RoutesResolver] [39m[32mQuickRepliesController {/api/chat/quick-replies}:[39m[38;5;3m +0ms[39m
[32m[Nest] 109331  - [39m09/16/2026, 6:28:29 AM [32m    LOG[39m [38;5;3m[RouterExplorer] [39m[32mMapped {/api/chat/quick-replies, GET} route[39m[38;5;3m +1ms[39m
[32m[Nest] 109331  - [39m09/16/2026, 6:28:29 AM [32m    LOG[39m [38;5;3m[RouterExplorer] [39m[32mMapped {/api/chat/quick-replies, POST} route[39m[38;5;3m +0ms[39m
[32m[Nest] 109331  - [39m09/16/2026, 6:28:29 AM [32m    LOG[39m [38;5;3m[RoutesResolver] [39m[32mDirectConversationController {/api/chat/direct-conversations}:[39m[38;5;3m +0ms[39m
[32m[Nest] 109331  - [39m09/16/2026, 6:28:29 AM [32m    LOG[39m [38;5;3m[RouterExplorer] [39m[32mMapped {/api/chat/direct-conversations, POST} route[39m[38;5;3m +0ms[39m
[32m[Nest] 109331  - [39m09/16/2026, 6:28:29 AM [32m    LOG[39m [38;5;3m[RoutesResolver] [39m[32mSafetyController {/api/safety}:[39m[38;5;3m +0ms[39m
[32m[Nest] 109331  - [39m09/16/2026, 6:28:29 AM [32m    LOG[39m [38;5;3m[RouterExplorer] [39m[32mMapped {/api/safety/report-categories, GET} route[39m[38;5;3m +1ms[39m
[32m[Nest] 109331  - [39m09/16/2026, 6:28:29 AM [32m    LOG[39m [38;5;3m[RouterExplorer] [39m[32mMapped {/api/safety/report, POST} route[39m[38;5;3m +0ms[39m
[32m[Nest] 109331  - [39m09/16/2026, 6:28:29 AM [32m    LOG[39m [38;5;3m[RouterExplorer] [39m[32mMapped {/api/safety/block, POST} route[39m[38;5;3m +0ms[39m
[32m[Nest] 109331  - [39m09/16/2026, 6:28:29 AM [32m    LOG[39m [38;5;3m[RouterExplorer] [39m[32mMapped {/api/safety/unblock, POST} route[39m[38;5;3m +1ms[39m
[32m[Nest] 109331  - [39m09/16/2026, 6:28:29 AM [32m    LOG[39m [38;5;3m[RouterExplorer] [39m[32mMapped {/api/safety/blocked-ids, GET} route[39m[38;5;3m +0ms[39m
[32m[Nest] 109331  - [39m09/16/2026, 6:28:29 AM [32m    LOG[39m [38;5;3m[RouterExplorer] [39m[32mMapped {/api/safety/blocked-users, GET} route[39m[38;5;3m +0ms[39m
[32m[Nest] 109331  - [39m09/16/2026, 6:28:29 AM [32m    LOG[39m [38;5;3m[RouterExplorer] [39m[32mMapped {/api/safety/blocked-ids/:userId, GET} route[39m[38;5;3m +1ms[39m
[32m[Nest] 109331  - [39m09/16/2026, 6:28:29 AM [32m    LOG[39m [38;5;3m[RouterExplorer] [39m[32mMapped {/api/safety/blocker-ids/:userId, GET} route[39m[38;5;3m +0ms[39m
[32m[Nest] 109331  - [39m09/16/2026, 6:28:29 AM [32m    LOG[39m [38;5;3m[RouterExplorer] [39m[32mMapped {/api/safety/is-blocked/:blockedId, GET} route[39m[38;5;3m +0ms[39m
[32m[Nest] 109331  - [39m09/16/2026, 6:28:29 AM [32m    LOG[39m [38;5;3m[RouterExplorer] [39m[32mMapped {/api/safety/block/:blockedId, POST} route[39m[38;5;3m +0ms[39m
[32m[Nest] 109331  - [39m09/16/2026, 6:28:29 AM [32m    LOG[39m [38;5;3m[RouterExplorer] [39m[32mMapped {/api/safety/unblock/:blockedId, POST} route[39m[38;5;3m +1ms[39m
[32m[Nest] 109331  - [39m09/16/2026, 6:28:29 AM [32m    LOG[39m [38;5;3m[RouterExplorer] [39m[32mMapped {/api/safety/blocked-and-blocker-ids/:userId, GET} route[39m[38;5;3m +0ms[39m
[32m[Nest] 109331  - [39m09/16/2026, 6:28:29 AM [32m    LOG[39m [38;5;3m[RouterExplorer] [39m[32mMapped {/api/safety/blocked-users-details, GET} route[39m[38;5;3m +0ms[39m
[32m[Nest] 109331  - [39m09/16/2026, 6:28:29 AM [32m    LOG[39m [38;5;3m[RoutesResolver] [39m[32mMetricsController {/api/metrics}:[39m[38;5;3m +1ms[39m
[32m[Nest] 109331  - [39m09/16/2026, 6:28:29 AM [32m    LOG[39m [38;5;3m[RouterExplorer] [39m[32mMapped {/api/metrics, GET} route[39m[38;5;3m +0ms[39m
[32m[Nest] 109331  - [39m09/16/2026, 6:28:29 AM [32m    LOG[39m [38;5;3m[RoutesResolver] [39m[32mLinkPreviewController {/api/link-preview}:[39m[38;5;3m +0ms[39m
[32m[Nest] 109331  - [39m09/16/2026, 6:28:29 AM [32m    LOG[39m [38;5;3m[RouterExplorer] [39m[32mMapped {/api/link-preview, GET} route[39m[38;5;3m +1ms[39m
[32m[Nest] 109331  - [39m09/16/2026, 6:28:29 AM [32m    LOG[39m [38;5;3m[RoutesResolver] [39m[32mSpamDetectionController {/api/spam-detection}:[39m[38;5;3m +0ms[39m
[32m[Nest] 109331  - [39m09/16/2026, 6:28:29 AM [32m    LOG[39m [38;5;3m[RouterExplorer] [39m[32mMapped {/api/spam-detection/check, POST} route[39m[38;5;3m +0ms[39m
[32m[Nest] 109331  - [39m09/16/2026, 6:28:29 AM [32m    LOG[39m [38;5;3m[RoutesResolver] [39m[32mNlpController {/api/nlp}:[39m[38;5;3m +0ms[39m
[32m[Nest] 109331  - [39m09/16/2026, 6:28:29 AM [32m    LOG[39m [38;5;3m[RouterExplorer] [39m[32mMapped {/api/nlp/detect-language, POST} route[39m[38;5;3m +1ms[39m
[32m[Nest] 109331  - [39m09/16/2026, 6:28:29 AM [32m    LOG[39m [38;5;3m[RouterExplorer] [39m[32mMapped {/api/nlp/translate, POST} route[39m[38;5;3m +0ms[39m
[32m[Nest] 109331  - [39m09/16/2026, 6:28:29 AM [32m    LOG[39m [38;5;3m[RouterExplorer] [39m[32mMapped {/api/nlp/translate-ui, POST} route[39m[38;5;3m +0ms[39m
[32m[Nest] 109331  - [39m09/16/2026, 6:28:29 AM [32m    LOG[39m [38;5;3m[RouterExplorer] [39m[32mMapped {/api/nlp/grammar-check, POST} route[39m[38;5;3m +1ms[39m
[32m[Nest] 109331  - [39m09/16/2026, 6:28:29 AM [32m    LOG[39m [38;5;3m[RouterExplorer] [39m[32mMapped {/api/nlp/explain-grammar, POST} route[39m[38;5;3m +0ms[39m
[32m[Nest] 109331  - [39m09/16/2026, 6:28:29 AM [32m    LOG[39m [38;5;3m[RouterExplorer] [39m[32mMapped {/api/nlp/pronunciation-score, POST} route[39m[38;5;3m +0ms[39m
[32m[Nest] 109331  - [39m09/16/2026, 6:28:29 AM [32m    LOG[39m [38;5;3m[RouterExplorer] [39m[32mMapped {/api/nlp/simplify, POST} route[39m[38;5;3m +1ms[39m
[32m[Nest] 109331  - [39m09/16/2026, 6:28:29 AM [32m    LOG[39m [38;5;3m[RouterExplorer] [39m[32mMapped {/api/nlp/translate-and-correct, POST} route[39m[38;5;3m +0ms[39m
[32m[Nest] 109331  - [39m09/16/2026, 6:28:29 AM [32m    LOG[39m [38;5;3m[RouterExplorer] [39m[32mMapped {/api/nlp/translate-bio, POST} route[39m[38;5;3m +0ms[39m
[32m[Nest] 109331  - [39m09/16/2026, 6:28:29 AM [32m    LOG[39m [38;5;3m[RouterExplorer] [39m[32mMapped {/api/nlp/transcribe-audio, POST} route[39m[38;5;3m +0ms[39m
[32m[Nest] 109331  - [39m09/16/2026, 6:28:29 AM [32m    LOG[39m [38;5;3m[RoutesResolver] [39m[32mCorrectorScoreController {/api/corrector-score}:[39m[38;5;3m +0ms[39m
[32m[Nest] 109331  - [39m09/16/2026, 6:28:29 AM [32m    LOG[39m [38;5;3m[RouterExplorer] [39m[32mMapped {/api/corrector-score/rate, POST} route[39m[38;5;3m +0ms[39m
[32m[Nest] 109331  - [39m09/16/2026, 6:28:29 AM [32m    LOG[39m [38;5;3m[RouterExplorer] [39m[32mMapped {/api/corrector-score/:userId, GET} route[39m[38;5;3m +0ms[39m
[32m[Nest] 109331  - [39m09/16/2026, 6:28:29 AM [32m    LOG[39m [38;5;3m[RoutesResolver] [39m[32mProfileVisitsController {/api/profile-visits}:[39m[38;5;3m +0ms[39m
[32m[Nest] 109331  - [39m09/16/2026, 6:28:29 AM [32m    LOG[39m [38;5;3m[RouterExplorer] [39m[32mMapped {/api/profile-visits/:viewedId, POST} route[39m[38;5;3m +1ms[39m
[32m[Nest] 109331  - [39m09/16/2026, 6:28:29 AM [32m    LOG[39m [38;5;3m[RouterExplorer] [39m[32mMapped {/api/profile-visits/my-visitors, GET} route[39m[38;5;3m +0ms[39m
[32m[Nest] 109331  - [39m09/16/2026, 6:28:29 AM [32m    LOG[39m [38;5;3m[RoutesResolver] [39m[32mFlashcardsController {/api/flashcards}:[39m[38;5;3m +0ms[39m
[32m[Nest] 109331  - [39m09/16/2026, 6:28:29 AM [32m    LOG[39m [38;5;3m[RouterExplorer] [39m[32mMapped {/api/flashcards/health, GET} route[39m[38;5;3m +1ms[39m
[32m[Nest] 109331  - [39m09/16/2026, 6:28:29 AM [32m    LOG[39m [38;5;3m[RouterExplorer] [39m[32mMapped {/api/flashcards, POST} route[39m[38;5;3m +0ms[39m
[32m[Nest] 109331  - [39m09/16/2026, 6:28:29 AM [32m    LOG[39m [38;5;3m[RouterExplorer] [39m[32mMapped {/api/flashcards/:id/srs, PATCH} route[39m[38;5;3m +0ms[39m
[32m[Nest] 109331  - [39m09/16/2026, 6:28:29 AM [32m    LOG[39m [38;5;3m[RouterExplorer] [39m[32mMapped {/api/flashcards, GET} route[39m[38;5;3m +1ms[39m
[32m[Nest] 109331  - [39m09/16/2026, 6:28:29 AM [32m    LOG[39m [38;5;3m[RouterExplorer] [39m[32mMapped {/api/flashcards/due, GET} route[39m[38;5;3m +0ms[39m
[32m[Nest] 109331  - [39m09/16/2026, 6:28:29 AM [32m    LOG[39m [38;5;3m[RoutesResolver] [39m[32mSuggestFlashcardsController {/api/flashcards/suggest}:[39m[38;5;3m +0ms[39m
[32m[Nest] 109331  - [39m09/16/2026, 6:28:29 AM [32m    LOG[39m [38;5;3m[RouterExplorer] [39m[32mMapped {/api/flashcards/suggest, GET} route[39m[38;5;3m +0ms[39m
[32m[Nest] 109331  - [39m09/16/2026, 6:28:29 AM [32m    LOG[39m [38;5;3m[RoutesResolver] [39m[32mAnkiExportController {/api/flashcards/anki}:[39m[38;5;3m +0ms[39m
[32m[Nest] 109331  - [39m09/16/2026, 6:28:29 AM [32m    LOG[39m [38;5;3m[RouterExplorer] [39m[32mMapped {/api/flashcards/anki/export, GET} route[39m[38;5;3m +1ms[39m
[32m[Nest] 109331  - [39m09/16/2026, 6:28:29 AM [32m    LOG[39m [38;5;3m[RoutesResolver] [39m[32mDecksController {/api/decks}:[39m[38;5;3m +0ms[39m
[32m[Nest] 109331  - [39m09/16/2026, 6:28:29 AM [32m    LOG[39m [38;5;3m[RouterExplorer] [39m[32mMapped {/api/decks, POST} route[39m[38;5;3m +0ms[39m
[32m[Nest] 109331  - [39m09/16/2026, 6:28:29 AM [32m    LOG[39m [38;5;3m[RouterExplorer] [39m[32mMapped {/api/decks, GET} route[39m[38;5;3m +0ms[39m
[32m[Nest] 109331  - [39m09/16/2026, 6:28:29 AM [32m    LOG[39m [38;5;3m[RouterExplorer] [39m[32mMapped {/api/decks/:id, GET} route[39m[38;5;3m +1ms[39m
[32m[Nest] 109331  - [39m09/16/2026, 6:28:29 AM [32m    LOG[39m [38;5;3m[RouterExplorer] [39m[32mMapped {/api/decks/:id, PATCH} route[39m[38;5;3m +1ms[39m
[32m[Nest] 109331  - [39m09/16/2026, 6:28:29 AM [32m    LOG[39m [38;5;3m[RouterExplorer] [39m[32mMapped {/api/decks/:id, DELETE} route[39m[38;5;3m +0ms[39m
[32m[Nest] 109331  - [39m09/16/2026, 6:28:29 AM [32m    LOG[39m [38;5;3m[RouterExplorer] [39m[32mMapped {/api/decks/:id/flashcards, POST} route[39m[38;5;3m +1ms[39m
[32m[Nest] 109331  - [39m09/16/2026, 6:28:29 AM [32m    LOG[39m [38;5;3m[RouterExplorer] [39m[32mMapped {/api/decks/:id/flashcards/:flashcardId, DELETE} route[39m[38;5;3m +0ms[39m
[32m[Nest] 109331  - [39m09/16/2026, 6:28:29 AM [32m    LOG[39m [38;5;3m[RouterExplorer] [39m[32mMapped {/api/decks/:id/flashcards, GET} route[39m[38;5;3m +0ms[39m
[32m[Nest] 109331  - [39m09/16/2026, 6:28:29 AM [32m    LOG[39m [38;5;3m[RoutesResolver] [39m[32mMomentsController {/api/moments}:[39m[38;5;3m +1ms[39m
[32m[Nest] 109331  - [39m09/16/2026, 6:28:29 AM [32m    LOG[39m [38;5;3m[RouterExplorer] [39m[32mMapped {/api/moments, POST} route[39m[38;5;3m +0ms[39m
[32m[Nest] 109331  - [39m09/16/2026, 6:28:29 AM [32m    LOG[39m [38;5;3m[RouterExplorer] [39m[32mMapped {/api/moments/feed, GET} route[39m[38;5;3m +1ms[39m
[32m[Nest] 109331  - [39m09/16/2026, 6:28:29 AM [32m    LOG[39m [38;5;3m[RouterExplorer] [39m[32mMapped {/api/moments/lifetime-counts, GET} route[39m[38;5;3m +0ms[39m
[32m[Nest] 109331  - [39m09/16/2026, 6:28:29 AM [32m    LOG[39m [38;5;3m[RouterExplorer] [39m[32mMapped {/api/moments/stories, GET} route[39m[38;5;3m +0ms[39m
[32m[Nest] 109331  - [39m09/16/2026, 6:28:29 AM [32m    LOG[39m [38;5;3m[RouterExplorer] [39m[32mMapped {/api/moments/upload-voice, POST} route[39m[38;5;3m +1ms[39m
[32m[Nest] 109331  - [39m09/16/2026, 6:28:29 AM [32m    LOG[39m [38;5;3m[RouterExplorer] [39m[32mMapped {/api/moments/upload-media, POST} route[39m[38;5;3m +0ms[39m
[32m[Nest] 109331  - [39m09/16/2026, 6:28:29 AM [32m    LOG[39m [38;5;3m[RouterExplorer] [39m[32mMapped {/api/moments/stories, POST} route[39m[38;5;3m +1ms[39m
[32m[Nest] 109331  - [39m09/16/2026, 6:28:29 AM [32m    LOG[39m [38;5;3m[RouterExplorer] [39m[32mMapped {/api/moments/language-questions, POST} route[39m[38;5;3m +0ms[39m
[32m[Nest] 109331  - [39m09/16/2026, 6:28:29 AM [32m    LOG[39m [38;5;3m[RouterExplorer] [39m[32mMapped {/api/moments/:id/answer, POST} route[39m[38;5;3m +1ms[39m
[32m[Nest] 109331  - [39m09/16/2026, 6:28:29 AM [32m    LOG[39m [38;5;3m[RouterExplorer] [39m[32mMapped {/api/moments/questions, GET} route[39m[38;5;3m +0ms[39m
[32m[Nest] 109331  - [39m09/16/2026, 6:28:29 AM [32m    LOG[39m [38;5;3m[RouterExplorer] [39m[32mMapped {/api/moments/:id/like, POST} route[39m[38;5;3m +1ms[39m
[32m[Nest] 109331  - [39m09/16/2026, 6:28:29 AM [32m    LOG[39m [38;5;3m[RouterExplorer] [39m[32mMapped {/api/moments/:id/likes, GET} route[39m[38;5;3m +0ms[39m
[32m[Nest] 109331  - [39m09/16/2026, 6:28:29 AM [32m    LOG[39m [38;5;3m[RouterExplorer] [39m[32mMapped {/api/moments/:id/comments, POST} route[39m[38;5;3m +0ms[39m
[32m[Nest] 109331  - [39m09/16/2026, 6:28:29 AM [32m    LOG[39m [38;5;3m[RouterExplorer] [39m[32mMapped {/api/moments/:id/comments/:commentId/vote, POST} route[39m[38;5;3m +1ms[39m
[32m[Nest] 109331  - [39m09/16/2026, 6:28:29 AM [32m    LOG[39m [38;5;3m[RouterExplorer] [39m[32mMapped {/api/moments/:id/comments, GET} route[39m[38;5;3m +0ms[39m
[32m[Nest] 109331  - [39m09/16/2026, 6:28:29 AM [32m    LOG[39m [38;5;3m[RouterExplorer] [39m[32mMapped {/api/moments/:id/edit-text, PATCH} route[39m[38;5;3m +0ms[39m
[32m[Nest] 109331  - [39m09/16/2026, 6:28:29 AM [32m    LOG[39m [38;5;3m[RouterExplorer] [39m[32mMapped {/api/moments/:id/pin, PATCH} route[39m[38;5;3m +1ms[39m
[32m[Nest] 109331  - [39m09/16/2026, 6:28:29 AM [32m    LOG[39m [38;5;3m[RoutesResolver] [39m[32mQuestsController {/api/quests}:[39m[38;5;3m +0ms[39m
[32m[Nest] 109331  - [39m09/16/2026, 6:28:29 AM [32m    LOG[39m [38;5;3m[RouterExplorer] [39m[32mMapped {/api/quests, GET} route[39m[38;5;3m +0ms[39m
[32m[Nest] 109331  - [39m09/16/2026, 6:28:29 AM [32m    LOG[39m [38;5;3m[RoutesResolver] [39m[32mMonetisationController {/api/monetisation}:[39m[38;5;3m +1ms[39m
[32m[Nest] 109331  - [39m09/16/2026, 6:28:29 AM [32m    LOG[39m [38;5;3m[RouterExplorer] [39m[32mMapped {/api/monetisation/webhooks/stripe, POST} route[39m[38;5;3m +0ms[39m
[32m[Nest] 109331  - [39m09/16/2026, 6:28:29 AM [32m    LOG[39m [38;5;3m[RouterExplorer] [39m[32mMapped {/api/monetisation/webhooks/apple, POST} route[39m[38;5;3m +1ms[39m
[32m[Nest] 109331  - [39m09/16/2026, 6:28:29 AM [32m    LOG[39m [38;5;3m[RouterExplorer] [39m[32mMapped {/api/monetisation/webhooks/google, POST} route[39m[38;5;3m +0ms[39m
[32m[Nest] 109331  - [39m09/16/2026, 6:28:29 AM [32m    LOG[39m [38;5;3m[RouterExplorer] [39m[32mMapped {/api/monetisation/generate-api-key, POST} route[39m[38;5;3m +0ms[39m
[32m[Nest] 109331  - [39m09/16/2026, 6:28:29 AM [32m    LOG[39m [38;5;3m[RouterExplorer] [39m[32mMapped {/api/monetisation/analytics, GET} route[39m[38;5;3m +1ms[39m
[32m[Nest] 109331  - [39m09/16/2026, 6:28:29 AM [32m    LOG[39m [38;5;3m[RouterExplorer] [39m[32mMapped {/api/monetisation/diagnostics/logs, GET} route[39m[38;5;3m +0ms[39m
[32m[Nest] 109331  - [39m09/16/2026, 6:28:29 AM [32m    LOG[39m [38;5;3m[RouterExplorer] [39m[32mMapped {/api/monetisation/diagnostics/logs, POST} route[39m[38;5;3m +0ms[39m
[32m[Nest] 109331  - [39m09/16/2026, 6:28:29 AM [32m    LOG[39m [38;5;3m[RouterExplorer] [39m[32mMapped {/api/monetisation/validate-apple-receipt, POST} route[39m[38;5;3m +0ms[39m
[32m[Nest] 109331  - [39m09/16/2026, 6:28:29 AM [32m    LOG[39m [38;5;3m[RouterExplorer] [39m[32mMapped {/api/monetisation/create-checkout-session, POST} route[39m[38;5;3m +1ms[39m
[32m[Nest] 109331  - [39m09/16/2026, 6:28:29 AM [32m    LOG[39m [38;5;3m[RouterExplorer] [39m[32mMapped {/api/monetisation/restore-purchases, POST} route[39m[38;5;3m +0ms[39m
[32m[Nest] 109331  - [39m09/16/2026, 6:28:29 AM [32m    LOG[39m [38;5;3m[RouterExplorer] [39m[32mMapped {/api/monetisation/coins-balance, GET} route[39m[38;5;3m +0ms[39m
[32m[Nest] 109331  - [39m09/16/2026, 6:28:29 AM [32m    LOG[39m [38;5;3m[RouterExplorer] [39m[32mMapped {/api/monetisation/subscription, GET} route[39m[38;5;3m +0ms[39m
[32m[Nest] 109331  - [39m09/16/2026, 6:28:29 AM [32m    LOG[39m [38;5;3m[RouterExplorer] [39m[32mMapped {/api/monetisation/subscription/cancel, POST} route[39m[38;5;3m +0ms[39m
[32m[Nest] 109331  - [39m09/16/2026, 6:28:29 AM [32m    LOG[39m [38;5;3m[RouterExplorer] [39m[32mMapped {/api/monetisation/subscription/resume, POST} route[39m[38;5;3m +1ms[39m
[32m[Nest] 109331  - [39m09/16/2026, 6:28:29 AM [32m    LOG[39m [38;5;3m[RouterExplorer] [39m[32mMapped {/api/monetisation/subscription/invoices, GET} route[39m[38;5;3m +0ms[39m
[32m[Nest] 109331  - [39m09/16/2026, 6:28:29 AM [32m    LOG[39m [38;5;3m[RouterExplorer] [39m[32mMapped {/api/monetisation/subscription/billing-portal, POST} route[39m[38;5;3m +0ms[39m
[32m[Nest] 109331  - [39m09/16/2026, 6:28:29 AM [32m    LOG[39m [38;5;3m[RoutesResolver] [39m[32mAppleNotificationController {/api/monetisation/webhooks/apple}:[39m[38;5;3m +1ms[39m
[32m[Nest] 109331  - [39m09/16/2026, 6:28:29 AM [32m    LOG[39m [38;5;3m[RouterExplorer] [39m[32mMapped {/api/monetisation/webhooks/apple, POST} route[39m[38;5;3m +0ms[39m
[32m[Nest] 109331  - [39m09/16/2026, 6:28:29 AM [32m    LOG[39m [38;5;3m[RoutesResolver] [39m[32mGooglePlayNotificationController {/api/monetisation/webhooks/google}:[39m[38;5;3m +0ms[39m
[32m[Nest] 109331  - [39m09/16/2026, 6:28:29 AM [32m    LOG[39m [38;5;3m[RouterExplorer] [39m[32mMapped {/api/monetisation/webhooks/google, POST} route[39m[38;5;3m +1ms[39m
[32m[Nest] 109331  - [39m09/16/2026, 6:28:29 AM [32m    LOG[39m [38;5;3m[RoutesResolver] [39m[32mSubscriptionPlansController {/api/subscription-plans}:[39m[38;5;3m +0ms[39m
[32m[Nest] 109331  - [39m09/16/2026, 6:28:29 AM [32m    LOG[39m [38;5;3m[RouterExplorer] [39m[32mMapped {/api/subscription-plans, GET} route[39m[38;5;3m +0ms[39m
[32m[Nest] 109331  - [39m09/16/2026, 6:28:29 AM [32m    LOG[39m [38;5;3m[RouterExplorer] [39m[32mMapped {/api/subscription-plans/popular, GET} route[39m[38;5;3m +0ms[39m
[32m[Nest] 109331  - [39m09/16/2026, 6:28:29 AM [32m    LOG[39m [38;5;3m[RouterExplorer] [39m[32mMapped {/api/subscription-plans/free, GET} route[39m[38;5;3m +1ms[39m
[32m[Nest] 109331  - [39m09/16/2026, 6:28:29 AM [32m    LOG[39m [38;5;3m[RouterExplorer] [39m[32mMapped {/api/subscription-plans/paid, GET} route[39m[38;5;3m +0ms[39m
[32m[Nest] 109331  - [39m09/16/2026, 6:28:29 AM [32m    LOG[39m [38;5;3m[RouterExplorer] [39m[32mMapped {/api/subscription-plans/:id, GET} route[39m[38;5;3m +0ms[39m
[32m[Nest] 109331  - [39m09/16/2026, 6:28:29 AM [32m    LOG[39m [38;5;3m[RouterExplorer] [39m[32mMapped {/api/subscription-plans/:id/benefits, GET} route[39m[38;5;3m +0ms[39m
[32m[Nest] 109331  - [39m09/16/2026, 6:28:29 AM [32m    LOG[39m [38;5;3m[RouterExplorer] [39m[32mMapped {/api/subscription-plans/showcase, GET} route[39m[38;5;3m +1ms[39m
[32m[Nest] 109331  - [39m09/16/2026, 6:28:29 AM [32m    LOG[39m [38;5;3m[RoutesResolver] [39m[32mStripeController {/api/stripe}:[39m[38;5;3m +0ms[39m
[32m[Nest] 109331  - [39m09/16/2026, 6:28:29 AM [32m    LOG[39m [38;5;3m[RouterExplorer] [39m[32mMapped {/api/stripe/webhook, POST} route[39m[38;5;3m +7ms[39m
[32m[Nest] 109331  - [39m09/16/2026, 6:28:29 AM [32m    LOG[39m [38;5;3m[RoutesResolver] [39m[32mAtomicEconomyController {/api/economy}:[39m[38;5;3m +1ms[39m
[32m[Nest] 109331  - [39m09/16/2026, 6:28:29 AM [32m    LOG[39m [38;5;3m[RouterExplorer] [39m[32mMapped {/api/economy/daily-check-in, POST} route[39m[38;5;3m +2ms[39m
[32m[Nest] 109331  - [39m09/16/2026, 6:28:29 AM [32m    LOG[39m [38;5;3m[RouterExplorer] [39m[32mMapped {/api/economy/catalog, GET} route[39m[38;5;3m +1ms[39m
[32m[Nest] 109331  - [39m09/16/2026, 6:28:29 AM [32m    LOG[39m [38;5;3m[RouterExplorer] [39m[32mMapped {/api/economy/packages, GET} route[39m[38;5;3m +0ms[39m
[32m[Nest] 109331  - [39m09/16/2026, 6:28:29 AM [32m    LOG[39m [38;5;3m[RouterExplorer] [39m[32mMapped {/api/economy/balance, GET} route[39m[38;5;3m +1ms[39m
[32m[Nest] 109331  - [39m09/16/2026, 6:28:29 AM [32m    LOG[39m [38;5;3m[RouterExplorer] [39m[32mMapped {/api/economy/create-checkout-session, POST} route[39m[38;5;3m +0ms[39m
[32m[Nest] 109331  - [39m09/16/2026, 6:28:29 AM [32m    LOG[39m [38;5;3m[RouterExplorer] [39m[32mMapped {/api/economy/purchase-coins, POST} route[39m[38;5;3m +1ms[39m
[32m[Nest] 109331  - [39m09/16/2026, 6:28:29 AM [32m    LOG[39m [38;5;3m[RouterExplorer] [39m[32mMapped {/api/economy/send-gift, POST} route[39m[38;5;3m +0ms[39m
[32m[Nest] 109331  - [39m09/16/2026, 6:28:29 AM [32m    LOG[39m [38;5;3m[RouterExplorer] [39m[32mMapped {/api/economy/transactions, GET} route[39m[38;5;3m +1ms[39m
[32m[Nest] 109331  - [39m09/16/2026, 6:28:29 AM [32m    LOG[39m [38;5;3m[RouterExplorer] [39m[32mMapped {/api/economy/sticker-packs, GET} route[39m[38;5;3m +0ms[39m
[32m[Nest] 109331  - [39m09/16/2026, 6:28:29 AM [32m    LOG[39m [38;5;3m[RouterExplorer] [39m[32mMapped {/api/economy/unlock-sticker-pack, POST} route[39m[38;5;3m +1ms[39m
[32m[Nest] 109331  - [39m09/16/2026, 6:28:29 AM [32m    LOG[39m [38;5;3m[RouterExplorer] [39m[32mMapped {/api/economy/health, GET} route[39m[38;5;3m +0ms[39m
[32m[Nest] 109331  - [39m09/16/2026, 6:28:29 AM [32m    LOG[39m [38;5;3m[RoutesResolver] [39m[32mPremiumAiController {/api/economy/premium-ai}:[39m[38;5;3m +1ms[39m
[32m[Nest] 109331  - [39m09/16/2026, 6:28:29 AM [32m    LOG[39m [38;5;3m[RouterExplorer] [39m[32mMapped {/api/economy/premium-ai/services, GET} route[39m[38;5;3m +0ms[39m
[32m[Nest] 109331  - [39m09/16/2026, 6:28:29 AM [32m    LOG[39m [38;5;3m[RouterExplorer] [39m[32mMapped {/api/economy/premium-ai/conversation-analysis, POST} route[39m[38;5;3m +1ms[39m
[32m[Nest] 109331  - [39m09/16/2026, 6:28:29 AM [32m    LOG[39m [38;5;3m[RoutesResolver] [39m[32mEscrowController {/api/escrow}:[39m[38;5;3m +0ms[39m
[32m[Nest] 109331  - [39m09/16/2026, 6:28:29 AM [32m    LOG[39m [38;5;3m[RouterExplorer] [39m[32mMapped {/api/escrow/hold, POST} route[39m[38;5;3m +0ms[39m
[32m[Nest] 109331  - [39m09/16/2026, 6:28:29 AM [32m    LOG[39m [38;5;3m[RouterExplorer] [39m[32mMapped {/api/escrow/release, POST} route[39m[38;5;3m +1ms[39m
[32m[Nest] 109331  - [39m09/16/2026, 6:28:29 AM [32m    LOG[39m [38;5;3m[RouterExplorer] [39m[32mMapped {/api/escrow/refund, POST} route[39m[38;5;3m +0ms[39m
[32m[Nest] 109331  - [39m09/16/2026, 6:28:29 AM [32m    LOG[39m [38;5;3m[RouterExplorer] [39m[32mMapped {/api/escrow/cancel, POST} route[39m[38;5;3m +1ms[39m
[32m[Nest] 109331  - [39m09/16/2026, 6:28:29 AM [32m    LOG[39m [38;5;3m[RouterExplorer] [39m[32mMapped {/api/escrow/dispute, POST} route[39m[38;5;3m +0ms[39m
[32m[Nest] 109331  - [39m09/16/2026, 6:28:29 AM [32m    LOG[39m [38;5;3m[RouterExplorer] [39m[32mMapped {/api/escrow/transactions, GET} route[39m[38;5;3m +1ms[39m
[32m[Nest] 109331  - [39m09/16/2026, 6:28:29 AM [32m    LOG[39m [38;5;3m[RouterExplorer] [39m[32mMapped {/api/escrow/transactions/:id, GET} route[39m[38;5;3m +0ms[39m
[32m[Nest] 109331  - [39m09/16/2026, 6:28:29 AM [32m    LOG[39m [38;5;3m[RouterExplorer] [39m[32mMapped {/api/escrow/circuit-breaker/status, GET} route[39m[38;5;3m +1ms[39m
[32m[Nest] 109331  - [39m09/16/2026, 6:28:29 AM [32m    LOG[39m [38;5;3m[RouterExplorer] [39m[32mMapped {/api/escrow/circuit-breaker/reset, POST} route[39m[38;5;3m +0ms[39m
[32m[Nest] 109331  - [39m09/16/2026, 6:28:29 AM [32m    LOG[39m [38;5;3m[RouterExplorer] [39m[32mMapped {/api/escrow/crash-reports, GET} route[39m[38;5;3m +1ms[39m
[32m[Nest] 109331  - [39m09/16/2026, 6:28:29 AM [32m    LOG[39m [38;5;3m[RouterExplorer] [39m[32mMapped {/api/escrow/crash-reports/acknowledge, POST} route[39m[38;5;3m +0ms[39m
[32m[Nest] 109331  - [39m09/16/2026, 6:28:29 AM [32m    LOG[39m [38;5;3m[RouterExplorer] [39m[32mMapped {/api/escrow/crash-reports/resolve, POST} route[39m[38;5;3m +0ms[39m
[32m[Nest] 109331  - [39m09/16/2026, 6:28:29 AM [32m    LOG[39m [38;5;3m[RoutesResolver] [39m[32mHobbyTagsController {/api/hobby-tags}:[39m[38;5;3m +1ms[39m
[32m[Nest] 109331  - [39m09/16/2026, 6:28:29 AM [32m    LOG[39m [38;5;3m[RouterExplorer] [39m[32mMapped {/api/hobby-tags, GET} route[39m[38;5;3m +0ms[39m
[32m[Nest] 109331  - [39m09/16/2026, 6:28:29 AM [32m    LOG[39m [38;5;3m[RouterExplorer] [39m[32mMapped {/api/hobby-tags, POST} route[39m[38;5;3m +1ms[39m
[32m[Nest] 109331  - [39m09/16/2026, 6:28:29 AM [32m    LOG[39m [38;5;3m[RouterExplorer] [39m[32mMapped {/api/hobby-tags/my, GET} route[39m[38;5;3m +1ms[39m
[32m[Nest] 109331  - [39m09/16/2026, 6:28:29 AM [32m    LOG[39m [38;5;3m[RouterExplorer] [39m[32mMapped {/api/hobby-tags/my, POST} route[39m[38;5;3m +0ms[39m
[32m[Nest] 109331  - [39m09/16/2026, 6:28:29 AM [32m    LOG[39m [38;5;3m[RouterExplorer] [39m[32mMapped {/api/hobby-tags/my/:hobbyTagId, DELETE} route[39m[38;5;3m +1ms[39m
[32m[Nest] 109331  - [39m09/16/2026, 6:28:29 AM [32m    LOG[39m [38;5;3m[RouterExplorer] [39m[32mMapped {/api/hobby-tags/my/:hobbyTagId, PATCH} route[39m[38;5;3m +1ms[39m
[32m[Nest] 109331  - [39m09/16/2026, 6:28:29 AM [32m    LOG[39m [38;5;3m[RouterExplorer] [39m[32mMapped {/api/hobby-tags/vocabulary, GET} route[39m[38;5;3m +0ms[39m
[32m[Nest] 109331  - [39m09/16/2026, 6:28:29 AM [32m    LOG[39m [38;5;3m[RoutesResolver] [39m[32mInterestsController {/api/interests}:[39m[38;5;3m +1ms[39m
[32m[Nest] 109331  - [39m09/16/2026, 6:28:29 AM [32m    LOG[39m [38;5;3m[RouterExplorer] [39m[32mMapped {/api/interests, GET} route[39m[38;5;3m +0ms[39m
[32m[Nest] 109331  - [39m09/16/2026, 6:28:29 AM [32m    LOG[39m [38;5;3m[RouterExplorer] [39m[32mMapped {/api/interests/select, POST} route[39m[38;5;3m +1ms[39m
[32m[Nest] 109331  - [39m09/16/2026, 6:28:29 AM [32m    LOG[39m [38;5;3m[RoutesResolver] [39m[32mFavouritesController {/api/favourites}:[39m[38;5;3m +0ms[39m
[32m[Nest] 109331  - [39m09/16/2026, 6:28:29 AM [32m    LOG[39m [38;5;3m[RouterExplorer] [39m[32mMapped {/api/favourites, POST} route[39m[38;5;3m +0ms[39m
[32m[Nest] 109331  - [39m09/16/2026, 6:28:29 AM [32m    LOG[39m [38;5;3m[RouterExplorer] [39m[32mMapped {/api/favourites/:id, DELETE} route[39m[38;5;3m +1ms[39m
[32m[Nest] 109331  - [39m09/16/2026, 6:28:29 AM [32m    LOG[39m [38;5;3m[RouterExplorer] [39m[32mMapped {/api/favourites, GET} route[39m[38;5;3m +0ms[39m
[32m[Nest] 109331  - [39m09/16/2026, 6:28:29 AM [32m    LOG[39m [38;5;3m[RouterExplorer] [39m[32mMapped {/api/favourites/user/:userId, GET} route[39m[38;5;3m +1ms[39m
[32m[Nest] 109331  - [39m09/16/2026, 6:28:29 AM [32m    LOG[39m [38;5;3m[RoutesResolver] [39m[32mVideoCallsController {/api/video-calls}:[39m[38;5;3m +0ms[39m
[32m[Nest] 109331  - [39m09/16/2026, 6:28:29 AM [32m    LOG[39m [38;5;3m[RouterExplorer] [39m[32mMapped {/api/video-calls/start, POST} route[39m[38;5;3m +0ms[39m
[32m[Nest] 109331  - [39m09/16/2026, 6:28:29 AM [32m    LOG[39m [38;5;3m[RouterExplorer] [39m[32mMapped {/api/video-calls/accept, POST} route[39m[38;5;3m +1ms[39m
[32m[Nest] 109331  - [39m09/16/2026, 6:28:29 AM [32m    LOG[39m [38;5;3m[RouterExplorer] [39m[32mMapped {/api/video-calls/health, GET} route[39m[38;5;3m +0ms[39m
[32m[Nest] 109331  - [39m09/16/2026, 6:28:29 AM [32m    LOG[39m [38;5;3m[RoutesResolver] [39m[32mLeaderboardController {/api/leaderboard}:[39m[38;5;3m +0ms[39m
[32m[Nest] 109331  - [39m09/16/2026, 6:28:29 AM [32m    LOG[39m [38;5;3m[RouterExplorer] [39m[32mMapped {/api/leaderboard/top-correctors, GET} route[39m[38;5;3m +1ms[39m
[32m[Nest] 109331  - [39m09/16/2026, 6:28:29 AM [32m    LOG[39m [38;5;3m[RoutesResolver] [39m[32mBlocksController {/api/blocks}:[39m[38;5;3m +0ms[39m
[32m[Nest] 109331  - [39m09/16/2026, 6:28:29 AM [32m    LOG[39m [38;5;3m[RouterExplorer] [39m[32mMapped {/api/blocks, GET} route[39m[38;5;3m +0ms[39m
[32m[Nest] 109331  - [39m09/16/2026, 6:28:29 AM [32m    LOG[39m [38;5;3m[RouterExplorer] [39m[32mMapped {/api/blocks, POST} route[39m[38;5;3m +0ms[39m
[32m[Nest] 109331  - [39m09/16/2026, 6:28:29 AM [32m    LOG[39m [38;5;3m[RouterExplorer] [39m[32mMapped {/api/blocks/:blockedId, DELETE} route[39m[38;5;3m +1ms[39m
[32m[Nest] 109331  - [39m09/16/2026, 6:28:29 AM [32m    LOG[39m [38;5;3m[RoutesResolver] [39m[32mCallsController {/api/calls}:[39m[38;5;3m +0ms[39m
[32m[Nest] 109331  - [39m09/16/2026, 6:28:29 AM [32m    LOG[39m [38;5;3m[RouterExplorer] [39m[32mMapped {/api/calls/initiate, POST} route[39m[38;5;3m +0ms[39m
[32m[Nest] 109331  - [39m09/16/2026, 6:28:29 AM [32m    LOG[39m [38;5;3m[RouterExplorer] [39m[32mMapped {/api/calls/group, POST} route[39m[38;5;3m +1ms[39m
[32m[Nest] 109331  - [39m09/16/2026, 6:28:29 AM [32m    LOG[39m [38;5;3m[RouterExplorer] [39m[32mMapped {/api/calls/active, GET} route[39m[38;5;3m +0ms[39m
[32m[Nest] 109331  - [39m09/16/2026, 6:28:29 AM [32m    LOG[39m [38;5;3m[RouterExplorer] [39m[32mMapped {/api/calls/active/:room_name, GET} route[39m[38;5;3m +1ms[39m
[32m[Nest] 109331  - [39m09/16/2026, 6:28:29 AM [32m    LOG[39m [38;5;3m[RouterExplorer] [39m[32mMapped {/api/calls/waiting, GET} route[39m[38;5;3m +0ms[39m
[32m[Nest] 109331  - [39m09/16/2026, 6:28:29 AM [32m    LOG[39m [38;5;3m[RouterExplorer] [39m[32mMapped {/api/calls/switch, PUT} route[39m[38;5;3m +1ms[39m
[32m[Nest] 109331  - [39m09/16/2026, 6:28:29 AM [32m    LOG[39m [38;5;3m[RouterExplorer] [39m[32mMapped {/api/calls/:room_name/accept-waiting, PUT} route[39m[38;5;3m +0ms[39m
[32m[Nest] 109331  - [39m09/16/2026, 6:28:29 AM [32m    LOG[39m [38;5;3m[RouterExplorer] [39m[32mMapped {/api/calls/:room_name/hold, PUT} route[39m[38;5;3m +0ms[39m
[32m[Nest] 109331  - [39m09/16/2026, 6:28:29 AM [32m    LOG[39m [38;5;3m[RouterExplorer] [39m[32mMapped {/api/calls/:room_name/resume, PUT} route[39m[38;5;3m +1ms[39m
[32m[Nest] 109331  - [39m09/16/2026, 6:28:29 AM [32m    LOG[39m [38;5;3m[RouterExplorer] [39m[32mMapped {/api/calls/:room_name/leave, PUT} route[39m[38;5;3m +0ms[39m
[32m[Nest] 109331  - [39m09/16/2026, 6:28:29 AM [32m    LOG[39m [38;5;3m[RoutesResolver] [39m[32mQuizController {/api/quiz}:[39m[38;5;3m +0ms[39m
[32m[Nest] 109331  - [39m09/16/2026, 6:28:29 AM [32m    LOG[39m [38;5;3m[RouterExplorer] [39m[32mMapped {/api/quiz/questions, GET} route[39m[38;5;3m +1ms[39m
[32m[Nest] 109331  - [39m09/16/2026, 6:28:29 AM [32m    LOG[39m [38;5;3m[RouterExplorer] [39m[32mMapped {/api/quiz/results, POST} route[39m[38;5;3m +0ms[39m
[32m[Nest] 109331  - [39m09/16/2026, 6:28:29 AM [32m    LOG[39m [38;5;3m[RoutesResolver] [39m[32mRecommendationsController {/api/recommendations}:[39m[38;5;3m +0ms[39m
[32m[Nest] 109331  - [39m09/16/2026, 6:28:29 AM [32m    LOG[39m [38;5;3m[RouterExplorer] [39m[32mMapped {/api/recommendations/discovery, GET} route[39m[38;5;3m +1ms[39m
[32m[Nest] 109331  - [39m09/16/2026, 6:28:29 AM [32m    LOG[39m [38;5;3m[RouterExplorer] [39m[32mMapped {/api/recommendations/for-you, GET} route[39m[38;5;3m +0ms[39m
[32m[Nest] 109331  - [39m09/16/2026, 6:28:29 AM [32m    LOG[39m [38;5;3m[RouterExplorer] [39m[32mMapped {/api/recommendations/daily, GET} route[39m[38;5;3m +0ms[39m
[32m[Nest] 109331  - [39m09/16/2026, 6:28:29 AM [32m    LOG[39m [38;5;3m[RoutesResolver] [39m[32mAdminController {/api/admin}:[39m[38;5;3m +1ms[39m
[32m[Nest] 109331  - [39m09/16/2026, 6:28:29 AM [32m    LOG[39m [38;5;3m[RouterExplorer] [39m[32mMapped {/api/admin/users, GET} route[39m[38;5;3m +0ms[39m
[32m[Nest] 109331  - [39m09/16/2026, 6:28:29 AM [32m    LOG[39m [38;5;3m[RouterExplorer] [39m[32mMapped {/api/admin/users/:id/vip, PATCH} route[39m[38;5;3m +0ms[39m
[32m[Nest] 109331  - [39m09/16/2026, 6:28:29 AM [32m    LOG[39m [38;5;3m[RouterExplorer] [39m[32mMapped {/api/admin/users/:id/login-history, GET} route[39m[38;5;3m +1ms[39m
[32m[Nest] 109331  - [39m09/16/2026, 6:28:29 AM [32m    LOG[39m [38;5;3m[RouterExplorer] [39m[32mMapped {/api/admin/users/:id/ban, POST} route[39m[38;5;3m +0ms[39m
[32m[Nest] 109331  - [39m09/16/2026, 6:28:29 AM [32m    LOG[39m [38;5;3m[RouterExplorer] [39m[32mMapped {/api/admin/users/:id/warn, POST} route[39m[38;5;3m +1ms[39m
[32m[Nest] 109331  - [39m09/16/2026, 6:28:29 AM [32m    LOG[39m [38;5;3m[RouterExplorer] [39m[32mMapped {/api/admin/blocks, GET} route[39m[38;5;3m +0ms[39m
[32m[Nest] 109331  - [39m09/16/2026, 6:28:29 AM [32m    LOG[39m [38;5;3m[RouterExplorer] [39m[32mMapped {/api/admin/reports, GET} route[39m[38;5;3m +1ms[39m
[32m[Nest] 109331  - [39m09/16/2026, 6:28:29 AM [32m    LOG[39m [38;5;3m[RouterExplorer] [39m[32mMapped {/api/admin/blocks/:blockId, DELETE} route[39m[38;5;3m +0ms[39m
[32m[Nest] 109331  - [39m09/16/2026, 6:28:29 AM [32m    LOG[39m [38;5;3m[RoutesResolver] [39m[32mAdminV1Controller {/api/admin/v1}:[39m[38;5;3m +1ms[39m
[32m[Nest] 109331  - [39m09/16/2026, 6:28:29 AM [32m    LOG[39m [38;5;3m[RouterExplorer] [39m[32mMapped {/api/admin/v1/me, GET} route[39m[38;5;3m +0ms[39m
[32m[Nest] 109331  - [39m09/16/2026, 6:28:29 AM [32m    LOG[39m [38;5;3m[RouterExplorer] [39m[32mMapped {/api/admin/v1/roles, GET} route[39m[38;5;3m +0ms[39m
[32m[Nest] 109331  - [39m09/16/2026, 6:28:29 AM [32m    LOG[39m [38;5;3m[RouterExplorer] [39m[32mMapped {/api/admin/v1/system/health, GET} route[39m[38;5;3m +1ms[39m
[32m[Nest] 109331  - [39m09/16/2026, 6:28:29 AM [32m    LOG[39m [38;5;3m[RouterExplorer] [39m[32mMapped {/api/admin/v1/audit, GET} route[39m[38;5;3m +0ms[39m
[32m[Nest] 109331  - [39m09/16/2026, 6:28:29 AM [32m    LOG[39m [38;5;3m[RouterExplorer] [39m[32mMapped {/api/admin/v1/moderation/reports, GET} route[39m[38;5;3m +1ms[39m
[32m[Nest] 109331  - [39m09/16/2026, 6:28:29 AM [32m    LOG[39m [38;5;3m[RouterExplorer] [39m[32mMapped {/api/admin/v1/users, GET} route[39m[38;5;3m +1ms[39m
[32m[Nest] 109331  - [39m09/16/2026, 6:28:29 AM [32m    LOG[39m [38;5;3m[RouterExplorer] [39m[32mMapped {/api/admin/v1/users/:id/login-history, GET} route[39m[38;5;3m +0ms[39m
[32m[Nest] 109331  - [39m09/16/2026, 6:28:29 AM [32m    LOG[39m [38;5;3m[RouterExplorer] [39m[32mMapped {/api/admin/v1/users/:id, GET} route[39m[38;5;3m +0ms[39m
[32m[Nest] 109331  - [39m09/16/2026, 6:28:29 AM [32m    LOG[39m [38;5;3m[RoutesResolver] [39m[32mAdminRolesV1Controller {/api/admin/v1/roles}:[39m[38;5;3m +1ms[39m
[32m[Nest] 109331  - [39m09/16/2026, 6:28:29 AM [32m    LOG[39m [38;5;3m[RouterExplorer] [39m[32mMapped {/api/admin/v1/roles/assignments, GET} route[39m[38;5;3m +0ms[39m
[32m[Nest] 109331  - [39m09/16/2026, 6:28:29 AM [32m    LOG[39m [38;5;3m[RoutesResolver] [39m[32mAdminOperationalEventsV1Controller {/api/admin/v1/logs}:[39m[38;5;3m +0ms[39m
[32m[Nest] 109331  - [39m09/16/2026, 6:28:29 AM [32m    LOG[39m [38;5;3m[RouterExplorer] [39m[32mMapped {/api/admin/v1/logs, GET} route[39m[38;5;3m +1ms[39m
[32m[Nest] 109331  - [39m09/16/2026, 6:28:29 AM [32m    LOG[39m [38;5;3m[RoutesResolver] [39m[32mAdminNetworkAbuseV1Controller {/api/admin/v1/security/network}:[39m[38;5;3m +0ms[39m
[32m[Nest] 109331  - [39m09/16/2026, 6:28:29 AM [32m    LOG[39m [38;5;3m[RouterExplorer] [39m[32mMapped {/api/admin/v1/security/network/reputation, POST} route[39m[38;5;3m +0ms[39m
[32m[Nest] 109331  - [39m09/16/2026, 6:28:29 AM [32m    LOG[39m [38;5;3m[RouterExplorer] [39m[32mMapped {/api/admin/v1/security/network/impact, POST} route[39m[38;5;3m +0ms[39m
[32m[Nest] 109331  - [39m09/16/2026, 6:28:29 AM [32m    LOG[39m [38;5;3m[RouterExplorer] [39m[32mMapped {/api/admin/v1/security/network/blocks, GET} route[39m[38;5;3m +1ms[39m
[32m[Nest] 109331  - [39m09/16/2026, 6:28:29 AM [32m    LOG[39m [38;5;3m[RouterExplorer] [39m[32mMapped {/api/admin/v1/security/network/allowlist, GET} route[39m[38;5;3m +0ms[39m
[32m[Nest] 109331  - [39m09/16/2026, 6:28:29 AM [32m    LOG[39m [38;5;3m[RouterExplorer] [39m[32mMapped {/api/admin/v1/security/network/rate-limits, GET} route[39m[38;5;3m +0ms[39m
[32m[Nest] 109331  - [39m09/16/2026, 6:28:29 AM [32m    LOG[39m [38;5;3m[RouterExplorer] [39m[32mMapped {/api/admin/v1/security/network/rate-limits/inspect, POST} route[39m[38;5;3m +1ms[39m
[32m[Nest] 109331  - [39m09/16/2026, 6:28:29 AM [32m    LOG[39m [38;5;3m[RouterExplorer] [39m[32mMapped {/api/admin/v1/security/network/blocks, POST} route[39m[38;5;3m +0ms[39m
[32m[Nest] 109331  - [39m09/16/2026, 6:28:29 AM [32m    LOG[39m [38;5;3m[RouterExplorer] [39m[32mMapped {/api/admin/v1/security/network/blocks/:id, DELETE} route[39m[38;5;3m +0ms[39m
[32m[Nest] 109331  - [39m09/16/2026, 6:28:29 AM [32m    LOG[39m [38;5;3m[RouterExplorer] [39m[32mMapped {/api/admin/v1/security/network/rate-limits, POST} route[39m[38;5;3m +1ms[39m
[32m[Nest] 109331  - [39m09/16/2026, 6:28:29 AM [32m    LOG[39m [38;5;3m[RouterExplorer] [39m[32mMapped {/api/admin/v1/security/network/rate-limits/:id, DELETE} route[39m[38;5;3m +0ms[39m
[32m[Nest] 109331  - [39m09/16/2026, 6:28:29 AM [32m    LOG[39m [38;5;3m[RouterExplorer] [39m[32mMapped {/api/admin/v1/security/network/allowlist, POST} route[39m[38;5;3m +0ms[39m
[32m[Nest] 109331  - [39m09/16/2026, 6:28:29 AM [32m    LOG[39m [38;5;3m[RouterExplorer] [39m[32mMapped {/api/admin/v1/security/network/allowlist/:id, DELETE} route[39m[38;5;3m +1ms[39m
[32m[Nest] 109331  - [39m09/16/2026, 6:28:29 AM [32m    LOG[39m [38;5;3m[RoutesResolver] [39m[32mLessonsController {/api/admin/lessons}:[39m[38;5;3m +0ms[39m
[32m[Nest] 109331  - [39m09/16/2026, 6:28:29 AM [32m    LOG[39m [38;5;3m[RouterExplorer] [39m[32mMapped {/api/admin/lessons, GET} route[39m[38;5;3m +0ms[39m
[32m[Nest] 109331  - [39m09/16/2026, 6:28:29 AM [32m    LOG[39m [38;5;3m[RouterExplorer] [39m[32mMapped {/api/admin/lessons/:id, GET} route[39m[38;5;3m +0ms[39m
[32m[Nest] 109331  - [39m09/16/2026, 6:28:29 AM [32m    LOG[39m [38;5;3m[RouterExplorer] [39m[32mMapped {/api/admin/lessons, POST} route[39m[38;5;3m +1ms[39m
[32m[Nest] 109331  - [39m09/16/2026, 6:28:29 AM [32m    LOG[39m [38;5;3m[RouterExplorer] [39m[32mMapped {/api/admin/lessons/:id, PATCH} route[39m[38;5;3m +0ms[39m
[32m[Nest] 109331  - [39m09/16/2026, 6:28:29 AM [32m    LOG[39m [38;5;3m[RouterExplorer] [39m[32mMapped {/api/admin/lessons/:id, DELETE} route[39m[38;5;3m +0ms[39m
[32m[Nest] 109331  - [39m09/16/2026, 6:28:29 AM [32m    LOG[39m [38;5;3m[RoutesResolver] [39m[32mLearningLessonsController {/api/lessons}:[39m[38;5;3m +0ms[39m
[32m[Nest] 109331  - [39m09/16/2026, 6:28:29 AM [32m    LOG[39m [38;5;3m[RouterExplorer] [39m[32mMapped {/api/lessons, GET} route[39m[38;5;3m +1ms[39m
[32m[Nest] 109331  - [39m09/16/2026, 6:28:29 AM [32m    LOG[39m [38;5;3m[RouterExplorer] [39m[32mMapped {/api/lessons/:id/progress, GET} route[39m[38;5;3m +0ms[39m
[32m[Nest] 109331  - [39m09/16/2026, 6:28:29 AM [32m    LOG[39m [38;5;3m[RouterExplorer] [39m[32mMapped {/api/lessons/:id/progress, PUT} route[39m[38;5;3m +0ms[39m
[32m[Nest] 109331  - [39m09/16/2026, 6:28:29 AM [32m    LOG[39m [38;5;3m[RouterExplorer] [39m[32mMapped {/api/lessons/:id, GET} route[39m[38;5;3m +1ms[39m
[32m[Nest] 109331  - [39m09/16/2026, 6:28:29 AM [32m    LOG[39m [38;5;3m[RoutesResolver] [39m[32mPrivacyController {/api/privacy}:[39m[38;5;3m +0ms[39m
[32m[Nest] 109331  - [39m09/16/2026, 6:28:29 AM [32m    LOG[39m [38;5;3m[RouterExplorer] [39m[32mMapped {/api/privacy/request-archive, POST} route[39m[38;5;3m +0ms[39m
[32m[Nest] 109331  - [39m09/16/2026, 6:28:29 AM [32m    LOG[39m [38;5;3m[RouterExplorer] [39m[32mMapped {/api/privacy/delete-account, POST} route[39m[38;5;3m +0ms[39m
[32m[Nest] 109331  - [39m09/16/2026, 6:28:29 AM [32m    LOG[39m [38;5;3m[RouterExplorer] [39m[32mMapped {/api/privacy/cancel-deletion, POST} route[39m[38;5;3m +1ms[39m
[32m[Nest] 109331  - [39m09/16/2026, 6:28:29 AM [32m    LOG[39m [38;5;3m[RoutesResolver] [39m[32mHelpController {/api/help}:[39m[38;5;3m +0ms[39m
[32m[Nest] 109331  - [39m09/16/2026, 6:28:29 AM [32m    LOG[39m [38;5;3m[RouterExplorer] [39m[32mMapped {/api/help/articles, GET} route[39m[38;5;3m +0ms[39m
[32m[Nest] 109331  - [39m09/16/2026, 6:28:29 AM [32m    LOG[39m [38;5;3m[RouterExplorer] [39m[32mMapped {/api/help/categories, GET} route[39m[38;5;3m +0ms[39m
[32m[Nest] 109331  - [39m09/16/2026, 6:28:29 AM [32m    LOG[39m [38;5;3m[RouterExplorer] [39m[32mMapped {/api/help/quick-replies, GET} route[39m[38;5;3m +1ms[39m
[32m[Nest] 109331  - [39m09/16/2026, 6:28:29 AM [32m    LOG[39m [38;5;3m[RoutesResolver] [39m[32mProficiencyController {/api/proficiency}:[39m[38;5;3m +0ms[39m
[32m[Nest] 109331  - [39m09/16/2026, 6:28:29 AM [32m    LOG[39m [38;5;3m[RouterExplorer] [39m[32mMapped {/api/proficiency/assess, POST} route[39m[38;5;3m +0ms[39m
[32m[Nest] 109331  - [39m09/16/2026, 6:28:29 AM [32m    LOG[39m [38;5;3m[RouterExplorer] [39m[32mMapped {/api/proficiency/languages, POST} route[39m[38;5;3m +1ms[39m
[32m[Nest] 109331  - [39m09/16/2026, 6:28:29 AM [32m    LOG[39m [38;5;3m[RoutesResolver] [39m[32mVersionController {/api/version}:[39m[38;5;3m +0ms[39m
[32m[Nest] 109331  - [39m09/16/2026, 6:28:29 AM [32m    LOG[39m [38;5;3m[RouterExplorer] [39m[32mMapped {/api/version, GET} route[39m[38;5;3m +0ms[39m
[32m[Nest] 109331  - [39m09/16/2026, 6:28:29 AM [32m    LOG[39m [38;5;3m[RouterExplorer] [39m[32mMapped {/api/version/minimum, GET} route[39m[38;5;3m +0ms[39m
[32m[Nest] 109331  - [39m09/16/2026, 6:28:29 AM [32m    LOG[39m [38;5;3m[RoutesResolver] [39m[32mStudyStreakController {/api/study-streak}:[39m[38;5;3m +1ms[39m
[32m[Nest] 109331  - [39m09/16/2026, 6:28:29 AM [32m    LOG[39m [38;5;3m[RouterExplorer] [39m[32mMapped {/api/study-streak/me, GET} route[39m[38;5;3m +0ms[39m
[32m[Nest] 109331  - [39m09/16/2026, 6:28:29 AM [32m    LOG[39m [38;5;3m[RouterExplorer] [39m[32mMapped {/api/study-streak/checkin, POST} route[39m[38;5;3m +0ms[39m
[32m[Nest] 109331  - [39m09/16/2026, 6:28:29 AM [32m    LOG[39m [38;5;3m[RouterExplorer] [39m[32mMapped {/api/study-streak/health, GET} route[39m[38;5;3m +1ms[39m
[32m[Nest] 109331  - [39m09/16/2026, 6:28:29 AM [32m    LOG[39m [38;5;3m[RoutesResolver] [39m[32mHostDashboardController {/api/host-dashboard}:[39m[38;5;3m +0ms[39m
[32m[Nest] 109331  - [39m09/16/2026, 6:28:29 AM [32m    LOG[39m [38;5;3m[RouterExplorer] [39m[32mMapped {/api/host-dashboard/:roomId/stats, GET} route[39m[38;5;3m +0ms[39m
[32m[Nest] 109331  - [39m09/16/2026, 6:28:29 AM [32m    LOG[39m [38;5;3m[RoutesResolver] [39m[32mLegalController {/api/legal}:[39m[38;5;3m +1ms[39m
[32m[Nest] 109331  - [39m09/16/2026, 6:28:29 AM [32m    LOG[39m [38;5;3m[RouterExplorer] [39m[32mMapped {/api/legal/terms, GET} route[39m[38;5;3m +0ms[39m
[32m[Nest] 109331  - [39m09/16/2026, 6:28:29 AM [32m    LOG[39m [38;5;3m[RouterExplorer] [39m[32mMapped {/api/legal/privacy, GET} route[39m[38;5;3m +0ms[39m
[32m[Nest] 109331  - [39m09/16/2026, 6:28:29 AM [32m    LOG[39m [38;5;3m[RoutesResolver] [39m[32mAiConversationController {/api/ai-conversation}:[39m[38;5;3m +0ms[39m
[32m[Nest] 109331  - [39m09/16/2026, 6:28:29 AM [32m    LOG[39m [38;5;3m[RouterExplorer] [39m[32mMapped {/api/ai-conversation/scenarios, GET} route[39m[38;5;3m +1ms[39m
[32m[Nest] 109331  - [39m09/16/2026, 6:28:29 AM [32m    LOG[39m [38;5;3m[RouterExplorer] [39m[32mMapped {/api/ai-conversation/message, POST} route[39m[38;5;3m +0ms[39m
[32m[Nest] 109331  - [39m09/16/2026, 6:28:29 AM [32m    LOG[39m [38;5;3m[RoutesResolver] [39m[32mAssessmentsController {/api/assessments}:[39m[38;5;3m +0ms[39m
[32m[Nest] 109331  - [39m09/16/2026, 6:28:29 AM [32m    LOG[39m [38;5;3m[RouterExplorer] [39m[32mMapped {/api/assessments/questions, GET} route[39m[38;5;3m +0ms[39m
[32m[Nest] 109331  - [39m09/16/2026, 6:28:29 AM [32m    LOG[39m [38;5;3m[RoutesResolver] [39m[32mAchievementsController {/api/achievements}:[39m[38;5;3m +0ms[39m
[32m[Nest] 109331  - [39m09/16/2026, 6:28:29 AM [32m    LOG[39m [38;5;3m[RouterExplorer] [39m[32mMapped {/api/achievements, GET} route[39m[38;5;3m +1ms[39m
[32m[Nest] 109331  - [39m09/16/2026, 6:28:29 AM [32m    LOG[39m [38;5;3m[RouterExplorer] [39m[32mMapped {/api/achievements/user/:userId, GET} route[39m[38;5;3m +0ms[39m
[32m[Nest] 109331  - [39m09/16/2026, 6:28:29 AM [32m    LOG[39m [38;5;3m[RouterExplorer] [39m[32mMapped {/api/achievements/full/:userId, GET} route[39m[38;5;3m +0ms[39m
[32m[Nest] 109331  - [39m09/16/2026, 6:28:29 AM [32m    LOG[39m [38;5;3m[RouterExplorer] [39m[32mMapped {/api/achievements/my, GET} route[39m[38;5;3m +1ms[39m
[32m[Nest] 109331  - [39m09/16/2026, 6:28:29 AM [32m    LOG[39m [38;5;3m[RouterExplorer] [39m[32mMapped {/api/achievements/evaluate, POST} route[39m[38;5;3m +0ms[39m
[32m[Nest] 109331  - [39m09/16/2026, 6:28:29 AM [32m    LOG[39m [38;5;3m[RouterExplorer] [39m[32mMapped {/api/achievements/evaluate/:userId, POST} route[39m[38;5;3m +0ms[39m
[32m[Nest] 109331  - [39m09/16/2026, 6:28:29 AM [32m    LOG[39m [38;5;3m[RoutesResolver] [39m[32mCulturalController {/api/cultural-guides}:[39m[38;5;3m +0ms[39m
[32m[Nest] 109331  - [39m09/16/2026, 6:28:29 AM [32m    LOG[39m [38;5;3m[RouterExplorer] [39m[32mMapped {/api/cultural-guides/:language, GET} route[39m[38;5;3m +1ms[39m
[32m[Nest] 109331  - [39m09/16/2026, 6:28:29 AM [32m    LOG[39m [38;5;3m[RoutesResolver] [39m[32mDailyTipController {/api/daily-tip}:[39m[38;5;3m +0ms[39m
[32m[Nest] 109331  - [39m09/16/2026, 6:28:29 AM [32m    LOG[39m [38;5;3m[RouterExplorer] [39m[32mMapped {/api/daily-tip, GET} route[39m[38;5;3m +8ms[39m
[32m[Nest] 109331  - [39m09/16/2026, 6:28:29 AM [32m    LOG[39m [38;5;3m[RoutesResolver] [39m[32mLanguageChallengesController {/api/language-challenges}:[39m[38;5;3m +0ms[39m
[32m[Nest] 109331  - [39m09/16/2026, 6:28:29 AM [32m    LOG[39m [38;5;3m[RouterExplorer] [39m[32mMapped {/api/language-challenges, POST} route[39m[38;5;3m +0ms[39m
[32m[Nest] 109331  - [39m09/16/2026, 6:28:29 AM [32m    LOG[39m [38;5;3m[RouterExplorer] [39m[32mMapped {/api/language-challenges, GET} route[39m[38;5;3m +1ms[39m
[32m[Nest] 109331  - [39m09/16/2026, 6:28:29 AM [32m    LOG[39m [38;5;3m[RouterExplorer] [39m[32mMapped {/api/language-challenges/:id/join, POST} route[39m[38;5;3m +0ms[39m
[32m[Nest] 109331  - [39m09/16/2026, 6:28:29 AM [32m    LOG[39m [38;5;3m[RouterExplorer] [39m[32mMapped {/api/language-challenges/:id/daily-checkin, POST} route[39m[38;5;3m +0ms[39m
[32m[Nest] 109331  - [39m09/16/2026, 6:28:29 AM [32m    LOG[39m [38;5;3m[RouterExplorer] [39m[32mMapped {/api/language-challenges/:id/claim, POST} route[39m[38;5;3m +1ms[39m
[32m[Nest] 109331  - [39m09/16/2026, 6:28:29 AM [32m    LOG[39m [38;5;3m[RoutesResolver] [39m[32mPronunciationController {/api/pronunciation}:[39m[38;5;3m +0ms[39m
[32m[Nest] 109331  - [39m09/16/2026, 6:28:29 AM [32m    LOG[39m [38;5;3m[RouterExplorer] [39m[32mMapped {/api/pronunciation/feedback, POST} route[39m[38;5;3m +0ms[39m
[32m[Nest] 109331  - [39m09/16/2026, 6:28:29 AM [32m    LOG[39m [38;5;3m[RouterExplorer] [39m[32mMapped {/api/pronunciation/voice-feedback, POST} route[39m[38;5;3m +1ms[39m
[32m[Nest] 109331  - [39m09/16/2026, 6:28:29 AM [32m    LOG[39m [38;5;3m[RoutesResolver] [39m[32mGroupsController {/api/groups}:[39m[38;5;3m +0ms[39m
[32m[Nest] 109331  - [39m09/16/2026, 6:28:29 AM [32m    LOG[39m [38;5;3m[RouterExplorer] [39m[32mMapped {/api/groups, POST} route[39m[38;5;3m +0ms[39m
[32m[Nest] 109331  - [39m09/16/2026, 6:28:29 AM [32m    LOG[39m [38;5;3m[RouterExplorer] [39m[32mMapped {/api/groups, GET} route[39m[38;5;3m +0ms[39m
[32m[Nest] 109331  - [39m09/16/2026, 6:28:29 AM [32m    LOG[39m [38;5;3m[RouterExplorer] [39m[32mMapped {/api/groups/discoverable, GET} route[39m[38;5;3m +1ms[39m
[32m[Nest] 109331  - [39m09/16/2026, 6:28:29 AM [32m    LOG[39m [38;5;3m[RouterExplorer] [39m[32mMapped {/api/groups/:groupId/members, GET} route[39m[38;5;3m +0ms[39m
[32m[Nest] 109331  - [39m09/16/2026, 6:28:29 AM [32m    LOG[39m [38;5;3m[RouterExplorer] [39m[32mMapped {/api/groups/:groupId/settings, GET} route[39m[38;5;3m +0ms[39m
[32m[Nest] 109331  - [39m09/16/2026, 6:28:29 AM [32m    LOG[39m [38;5;3m[RouterExplorer] [39m[32mMapped {/api/groups/:groupId/announcements, GET} route[39m[38;5;3m +0ms[39m
[32m[Nest] 109331  - [39m09/16/2026, 6:28:29 AM [32m    LOG[39m [38;5;3m[RouterExplorer] [39m[32mMapped {/api/groups/mine, GET} route[39m[38;5;3m +1ms[39m
[32m[Nest] 109331  - [39m09/16/2026, 6:28:29 AM [32m    LOG[39m [38;5;3m[RouterExplorer] [39m[32mMapped {/api/groups/:groupId, GET} route[39m[38;5;3m +0ms[39m
[32m[Nest] 109331  - [39m09/16/2026, 6:28:29 AM [32m    LOG[39m [38;5;3m[RouterExplorer] [39m[32mMapped {/api/groups/:groupId/add-member, POST} route[39m[38;5;3m +1ms[39m
[32m[Nest] 109331  - [39m09/16/2026, 6:28:29 AM [32m    LOG[39m [38;5;3m[RouterExplorer] [39m[32mMapped {/api/groups/:groupId/remove-member, POST} route[39m[38;5;3m +0ms[39m
[32m[Nest] 109331  - [39m09/16/2026, 6:28:29 AM [32m    LOG[39m [38;5;3m[RouterExplorer] [39m[32mMapped {/api/groups/:groupId/settings, POST} route[39m[38;5;3m +0ms[39m
[32m[Nest] 109331  - [39m09/16/2026, 6:28:29 AM [32m    LOG[39m [38;5;3m[RouterExplorer] [39m[32mMapped {/api/groups/:groupId/restrict-send-messages, POST} route[39m[38;5;3m +0ms[39m
[32m[Nest] 109331  - [39m09/16/2026, 6:28:29 AM [32m    LOG[39m [38;5;3m[RouterExplorer] [39m[32mMapped {/api/groups/:groupId/restrict-edit-info, POST} route[39m[38;5;3m +1ms[39m
[32m[Nest] 109331  - [39m09/16/2026, 6:28:29 AM [32m    LOG[39m [38;5;3m[RouterExplorer] [39m[32mMapped {/api/groups/:groupId/rename, POST} route[39m[38;5;3m +0ms[39m
[32m[Nest] 109331  - [39m09/16/2026, 6:28:29 AM [32m    LOG[39m [38;5;3m[RouterExplorer] [39m[32mMapped {/api/groups/:groupId/announcement, POST} route[39m[38;5;3m +0ms[39m
[32m[Nest] 109331  - [39m09/16/2026, 6:28:29 AM [32m    LOG[39m [38;5;3m[RouterExplorer] [39m[32mMapped {/api/groups/:groupId/join, POST} route[39m[38;5;3m +0ms[39m
[32m[Nest] 109331  - [39m09/16/2026, 6:28:29 AM [32m    LOG[39m [38;5;3m[RouterExplorer] [39m[32mMapped {/api/groups/:groupId/resources, GET} route[39m[38;5;3m +1ms[39m
[32m[Nest] 109331  - [39m09/16/2026, 6:28:29 AM [32m    LOG[39m [38;5;3m[RouterExplorer] [39m[32mMapped {/api/groups/:groupId/resources/:resourceId, DELETE} route[39m[38;5;3m +0ms[39m
[32m[Nest] 109331  - [39m09/16/2026, 6:28:29 AM [32m    LOG[39m [38;5;3m[RoutesResolver] [39m[32mCommunitiesController {/api/communities}:[39m[38;5;3m +0ms[39m
[32m[Nest] 109331  - [39m09/16/2026, 6:28:29 AM [32m    LOG[39m [38;5;3m[RouterExplorer] [39m[32mMapped {/api/communities, POST} route[39m[38;5;3m +0ms[39m
[32m[Nest] 109331  - [39m09/16/2026, 6:28:29 AM [32m    LOG[39m [38;5;3m[RouterExplorer] [39m[32mMapped {/api/communities/:communityId, GET} route[39m[38;5;3m +0ms[39m
[32m[Nest] 109331  - [39m09/16/2026, 6:28:29 AM [32m    LOG[39m [38;5;3m[RouterExplorer] [39m[32mMapped {/api/communities, GET} route[39m[38;5;3m +1ms[39m
[32m[Nest] 109331  - [39m09/16/2026, 6:28:29 AM [32m    LOG[39m [38;5;3m[RouterExplorer] [39m[32mMapped {/api/communities/:communityId, PATCH} route[39m[38;5;3m +0ms[39m
[32m[Nest] 109331  - [39m09/16/2026, 6:28:29 AM [32m    LOG[39m [38;5;3m[RouterExplorer] [39m[32mMapped {/api/communities/:communityId, DELETE} route[39m[38;5;3m +0ms[39m
[32m[Nest] 109331  - [39m09/16/2026, 6:28:29 AM [32m    LOG[39m [38;5;3m[RouterExplorer] [39m[32mMapped {/api/communities/:communityId/groups, POST} route[39m[38;5;3m +1ms[39m
[32m[Nest] 109331  - [39m09/16/2026, 6:28:29 AM [32m    LOG[39m [38;5;3m[RouterExplorer] [39m[32mMapped {/api/communities/:communityId/groups/:groupId, DELETE} route[39m[38;5;3m +0ms[39m
[32m[Nest] 109331  - [39m09/16/2026, 6:28:29 AM [32m    LOG[39m [38;5;3m[RouterExplorer] [39m[32mMapped {/api/communities/:communityId/groups, GET} route[39m[38;5;3m +1ms[39m
[32m[Nest] 109331  - [39m09/16/2026, 6:28:29 AM [32m    LOG[39m [38;5;3m[RoutesResolver] [39m[32mShoppingController {/api/shopping}:[39m[38;5;3m +0ms[39m
[32m[Nest] 109331  - [39m09/16/2026, 6:28:29 AM [32m    LOG[39m [38;5;3m[RouterExplorer] [39m[32mMapped {/api/shopping/catalog, GET} route[39m[38;5;3m +0ms[39m
[32m[Nest] 109331  - [39m09/16/2026, 6:28:29 AM [32m    LOG[39m [38;5;3m[RouterExplorer] [39m[32mMapped {/api/shopping/items/:id, GET} route[39m[38;5;3m +0ms[39m
[32m[Nest] 109331  - [39m09/16/2026, 6:28:29 AM [32m    LOG[39m [38;5;3m[RouterExplorer] [39m[32mMapped {/api/shopping/cart, GET} route[39m[38;5;3m +1ms[39m
[32m[Nest] 109331  - [39m09/16/2026, 6:28:29 AM [32m    LOG[39m [38;5;3m[RouterExplorer] [39m[32mMapped {/api/shopping/cart, POST} route[39m[38;5;3m +0ms[39m
[32m[Nest] 109331  - [39m09/16/2026, 6:28:29 AM [32m    LOG[39m [38;5;3m[RouterExplorer] [39m[32mMapped {/api/shopping/cart, DELETE} route[39m[38;5;3m +0ms[39m
[32m[Nest] 109331  - [39m09/16/2026, 6:28:29 AM [32m    LOG[39m [38;5;3m[RouterExplorer] [39m[32mMapped {/api/shopping/cart/checkout, POST} route[39m[38;5;3m +0ms[39m
[32m[Nest] 109331  - [39m09/16/2026, 6:28:29 AM [32m    LOG[39m [38;5;3m[RoutesResolver] [39m[32mCartController {/api/cart}:[39m[38;5;3m +1ms[39m
[32m[Nest] 109331  - [39m09/16/2026, 6:28:29 AM [32m    LOG[39m [38;5;3m[RouterExplorer] [39m[32mMapped {/api/cart, GET} route[39m[38;5;3m +0ms[39m
[32m[Nest] 109331  - [39m09/16/2026, 6:28:29 AM [32m    LOG[39m [38;5;3m[RouterExplorer] [39m[32mMapped {/api/cart/add, POST} route[39m[38;5;3m +0ms[39m
[32m[Nest] 109331  - [39m09/16/2026, 6:28:29 AM [32m    LOG[39m [38;5;3m[RouterExplorer] [39m[32mMapped {/api/cart/remove, POST} route[39m[38;5;3m +1ms[39m
[32m[Nest] 109331  - [39m09/16/2026, 6:28:29 AM [32m    LOG[39m [38;5;3m[RouterExplorer] [39m[32mMapped {/api/cart/checkout, POST} route[39m[38;5;3m +0ms[39m
[32m[Nest] 109331  - [39m09/16/2026, 6:28:29 AM [32m    LOG[39m [38;5;3m[RoutesResolver] [39m[32mMilestonesController {/api/milestones}:[39m[38;5;3m +0ms[39m
[32m[Nest] 109331  - [39m09/16/2026, 6:28:29 AM [32m    LOG[39m [38;5;3m[RouterExplorer] [39m[32mMapped {/api/milestones, POST} route[39m[38;5;3m +1ms[39m
[32m[Nest] 109331  - [39m09/16/2026, 6:28:29 AM [32m    LOG[39m [38;5;3m[RouterExplorer] [39m[32mMapped {/api/milestones, GET} route[39m[38;5;3m +0ms[39m
[32m[Nest] 109331  - [39m09/16/2026, 6:28:29 AM [32m    LOG[39m [38;5;3m[RouterExplorer] [39m[32mMapped {/api/milestones/progress, GET} route[39m[38;5;3m +0ms[39m
[32m[Nest] 109331  - [39m09/16/2026, 6:28:29 AM [32m    LOG[39m [38;5;3m[RouterExplorer] [39m[32mMapped {/api/milestones/:id, GET} route[39m[38;5;3m +0ms[39m
[32m[Nest] 109331  - [39m09/16/2026, 6:28:29 AM [32m    LOG[39m [38;5;3m[RouterExplorer] [39m[32mMapped {/api/milestones/:id/complete, POST} route[39m[38;5;3m +1ms[39m
[32m[Nest] 109331  - [39m09/16/2026, 6:28:29 AM [32m    LOG[39m [38;5;3m[RouterExplorer] [39m[32mMapped {/api/milestones/:id, DELETE} route[39m[38;5;3m +0ms[39m
[32m[Nest] 109331  - [39m09/16/2026, 6:28:29 AM [32m    LOG[39m [38;5;3m[RoutesResolver] [39m[32mStudyBuddiesController {/api/study-buddies}:[39m[38;5;3m +0ms[39m
[32m[Nest] 109331  - [39m09/16/2026, 6:28:29 AM [32m    LOG[39m [38;5;3m[RouterExplorer] [39m[32mMapped {/api/study-buddies/request, POST} route[39m[38;5;3m +0ms[39m
[32m[Nest] 109331  - [39m09/16/2026, 6:28:29 AM [32m    LOG[39m [38;5;3m[RouterExplorer] [39m[32mMapped {/api/study-buddies/requests, GET} route[39m[38;5;3m +1ms[39m
[32m[Nest] 109331  - [39m09/16/2026, 6:28:29 AM [32m    LOG[39m [38;5;3m[RouterExplorer] [39m[32mMapped {/api/study-buddies/requests/:id/accept, POST} route[39m[38;5;3m +0ms[39m
[32m[Nest] 109331  - [39m09/16/2026, 6:28:29 AM [32m    LOG[39m [38;5;3m[RouterExplorer] [39m[32mMapped {/api/study-buddies/requests/:id/decline, POST} route[39m[38;5;3m +1ms[39m
[32m[Nest] 109331  - [39m09/16/2026, 6:28:29 AM [32m    LOG[39m [38;5;3m[RouterExplorer] [39m[32mMapped {/api/study-buddies/matches, GET} route[39m[38;5;3m +0ms[39m
[32m[Nest] 109331  - [39m09/16/2026, 6:28:29 AM [32m    LOG[39m [38;5;3m[RouterExplorer] [39m[32mMapped {/api/study-buddies/follow, POST} route[39m[38;5;3m +0ms[39m
[32m[Nest] 109331  - [39m09/16/2026, 6:28:29 AM [32m    LOG[39m [38;5;3m[RouterExplorer] [39m[32mMapped {/api/study-buddies/unfollow, DELETE} route[39m[38;5;3m +1ms[39m
[32m[Nest] 109331  - [39m09/16/2026, 6:28:29 AM [32m    LOG[39m [38;5;3m[RouterExplorer] [39m[32mMapped {/api/study-buddies/channel, GET} route[39m[38;5;3m +0ms[39m
[32m[Nest] 109331  - [39m09/16/2026, 6:28:29 AM [32m    LOG[39m [38;5;3m[RoutesResolver] [39m[32mAudioIntroController {/api/audio-intro}:[39m[38;5;3m +0ms[39m
[32m[Nest] 109331  - [39m09/16/2026, 6:28:29 AM [32m    LOG[39m [38;5;3m[RouterExplorer] [39m[32mMapped {/api/audio-intro/:userId, GET} route[39m[38;5;3m +1ms[39m
[32m[Nest] 109331  - [39m09/16/2026, 6:28:29 AM [32m    LOG[39m [38;5;3m[RouterExplorer] [39m[32mMapped {/api/audio-intro/:userId, PATCH} route[39m[38;5;3m +0ms[39m
[32m[Nest] 109331  - [39m09/16/2026, 6:28:29 AM [32m    LOG[39m [38;5;3m[RouterExplorer] [39m[32mMapped {/api/audio-intro/presigned-upload, POST} route[39m[38;5;3m +0ms[39m
[32m[Nest] 109331  - [39m09/16/2026, 6:28:29 AM [32m    LOG[39m [38;5;3m[RoutesResolver] [39m[32mStatsController {/api/stats}:[39m[38;5;3m +0ms[39m
[32m[Nest] 109331  - [39m09/16/2026, 6:28:29 AM [32m    LOG[39m [38;5;3m[RouterExplorer] [39m[32mMapped {/api/stats/me, GET} route[39m[38;5;3m +1ms[39m
[32m[Nest] 109331  - [39m09/16/2026, 6:28:29 AM [32m    LOG[39m [38;5;3m[RoutesResolver] [39m[32mEventsController {/api/events}:[39m[38;5;3m +0ms[39m
[32m[Nest] 109331  - [39m09/16/2026, 6:28:29 AM [32m    LOG[39m [38;5;3m[RouterExplorer] [39m[32mMapped {/api/events, POST} route[39m[38;5;3m +0ms[39m
[32m[Nest] 109331  - [39m09/16/2026, 6:28:29 AM [32m    LOG[39m [38;5;3m[RouterExplorer] [39m[32mMapped {/api/events, GET} route[39m[38;5;3m +0ms[39m
[32m[Nest] 109331  - [39m09/16/2026, 6:28:29 AM [32m    LOG[39m [38;5;3m[RouterExplorer] [39m[32mMapped {/api/events/categories, GET} route[39m[38;5;3m +1ms[39m
[32m[Nest] 109331  - [39m09/16/2026, 6:28:29 AM [32m    LOG[39m [38;5;3m[RouterExplorer] [39m[32mMapped {/api/events/my, GET} route[39m[38;5;3m +0ms[39m
[32m[Nest] 109331  - [39m09/16/2026, 6:28:29 AM [32m    LOG[39m [38;5;3m[RouterExplorer] [39m[32mMapped {/api/events/:id, GET} route[39m[38;5;3m +0ms[39m
[32m[Nest] 109331  - [39m09/16/2026, 6:28:29 AM [32m    LOG[39m [38;5;3m[RouterExplorer] [39m[32mMapped {/api/events/:id/rsvp, GET} route[39m[38;5;3m +0ms[39m
[32m[Nest] 109331  - [39m09/16/2026, 6:28:29 AM [32m    LOG[39m [38;5;3m[RouterExplorer] [39m[32mMapped {/api/events/:id/rsvp, POST} route[39m[38;5;3m +1ms[39m
[32m[Nest] 109331  - [39m09/16/2026, 6:28:29 AM [32m    LOG[39m [38;5;3m[RouterExplorer] [39m[32mMapped {/api/events/:id/rsvp, DELETE} route[39m[38;5;3m +0ms[39m
[32m[Nest] 109331  - [39m09/16/2026, 6:28:29 AM [32m    LOG[39m [38;5;3m[RoutesResolver] [39m[32mResourceLibraryController {/api/resource-library}:[39m[38;5;3m +0ms[39m
[32m[Nest] 109331  - [39m09/16/2026, 6:28:29 AM [32m    LOG[39m [38;5;3m[RouterExplorer] [39m[32mMapped {/api/resource-library, POST} route[39m[38;5;3m +0ms[39m
[32m[Nest] 109331  - [39m09/16/2026, 6:28:29 AM [32m    LOG[39m [38;5;3m[RouterExplorer] [39m[32mMapped {/api/resource-library, GET} route[39m[38;5;3m +1ms[39m
[32m[Nest] 109331  - [39m09/16/2026, 6:28:29 AM [32m    LOG[39m [38;5;3m[RouterExplorer] [39m[32mMapped {/api/resource-library/:id, GET} route[39m[38;5;3m +0ms[39m
[32m[Nest] 109331  - [39m09/16/2026, 6:28:29 AM [32m    LOG[39m [38;5;3m[RouterExplorer] [39m[32mMapped {/api/resource-library/:id, PATCH} route[39m[38;5;3m +0ms[39m
[32m[Nest] 109331  - [39m09/16/2026, 6:28:29 AM [32m    LOG[39m [38;5;3m[RouterExplorer] [39m[32mMapped {/api/resource-library/:id, DELETE} route[39m[38;5;3m +1ms[39m
[32m[Nest] 109331  - [39m09/16/2026, 6:28:29 AM [32m    LOG[39m [38;5;3m[RoutesResolver] [39m[32mModerationController {/api/moderation}:[39m[38;5;3m +0ms[39m
[32m[Nest] 109331  - [39m09/16/2026, 6:28:29 AM [32m    LOG[39m [38;5;3m[RouterExplorer] [39m[32mMapped {/api/moderation/items, GET} route[39m[38;5;3m +0ms[39m
[32m[Nest] 109331  - [39m09/16/2026, 6:28:29 AM [32m    LOG[39m [38;5;3m[RouterExplorer] [39m[32mMapped {/api/moderation/report, POST} route[39m[38;5;3m +0ms[39m
[32m[Nest] 109331  - [39m09/16/2026, 6:28:29 AM [32m    LOG[39m [38;5;3m[RouterExplorer] [39m[32mMapped {/api/moderation/approve, POST} route[39m[38;5;3m +1ms[39m
[32m[Nest] 109331  - [39m09/16/2026, 6:28:29 AM [32m    LOG[39m [38;5;3m[RouterExplorer] [39m[32mMapped {/api/moderation/reject, POST} route[39m[38;5;3m +0ms[39m
[32m[Nest] 109331  - [39m09/16/2026, 6:28:29 AM [32m    LOG[39m [38;5;3m[RouterExplorer] [39m[32mMapped {/api/moderation/analyse/:userId, GET} route[39m[38;5;3m +0ms[39m
[32m[Nest] 109331  - [39m09/16/2026, 6:28:29 AM [32m    LOG[39m [38;5;3m[RoutesResolver] [39m[32mWordOfTheDayController {/api/word-of-the-day}:[39m[38;5;3m +0ms[39m
[32m[Nest] 109331  - [39m09/16/2026, 6:28:29 AM [32m    LOG[39m [38;5;3m[RouterExplorer] [39m[32mMapped {/api/word-of-the-day, GET} route[39m[38;5;3m +1ms[39m
[32m[Nest] 109331  - [39m09/16/2026, 6:28:29 AM [32m    LOG[39m [38;5;3m[RoutesResolver] [39m[32mUserStatisticsController {/api/user-statistics}:[39m[38;5;3m +0ms[39m
[32m[Nest] 109331  - [39m09/16/2026, 6:28:29 AM [32m    LOG[39m [38;5;3m[RouterExplorer] [39m[32mMapped {/api/user-statistics/:userId, GET} route[39m[38;5;3m +0ms[39m
[32m[Nest] 109331  - [39m09/16/2026, 6:28:29 AM [32m    LOG[39m [38;5;3m[RoutesResolver] [39m[32mLanguageIslandsController {/api/language-islands}:[39m[38;5;3m +0ms[39m
[32m[Nest] 109331  - [39m09/16/2026, 6:28:29 AM [32m    LOG[39m [38;5;3m[RouterExplorer] [39m[32mMapped {/api/language-islands, GET} route[39m[38;5;3m +1ms[39m
[32m[Nest] 109331  - [39m09/16/2026, 6:28:29 AM [32m    LOG[39m [38;5;3m[RouterExplorer] [39m[32mMapped {/api/language-islands/my, GET} route[39m[38;5;3m +0ms[39m
[32m[Nest] 109331  - [39m09/16/2026, 6:28:29 AM [32m    LOG[39m [38;5;3m[RouterExplorer] [39m[32mMapped {/api/language-islands/:id, GET} route[39m[38;5;3m +1ms[39m
[32m[Nest] 109331  - [39m09/16/2026, 6:28:29 AM [32m    LOG[39m [38;5;3m[RouterExplorer] [39m[32mMapped {/api/language-islands, POST} route[39m[38;5;3m +0ms[39m
[32m[Nest] 109331  - [39m09/16/2026, 6:28:29 AM [32m    LOG[39m [38;5;3m[RouterExplorer] [39m[32mMapped {/api/language-islands/:id, PATCH} route[39m[38;5;3m +0ms[39m
[32m[Nest] 109331  - [39m09/16/2026, 6:28:29 AM [32m    LOG[39m [38;5;3m[RouterExplorer] [39m[32mMapped {/api/language-islands/:id, DELETE} route[39m[38;5;3m +1ms[39m
[32m[Nest] 109331  - [39m09/16/2026, 6:28:29 AM [32m    LOG[39m [38;5;3m[RouterExplorer] [39m[32mMapped {/api/language-islands/:id/join, POST} route[39m[38;5;3m +0ms[39m
[32m[Nest] 109331  - [39m09/16/2026, 6:28:29 AM [32m    LOG[39m [38;5;3m[RouterExplorer] [39m[32mMapped {/api/language-islands/:id/leave, POST} route[39m[38;5;3m +0ms[39m
[32m[Nest] 109331  - [39m09/16/2026, 6:28:29 AM [32m    LOG[39m [38;5;3m[RoutesResolver] [39m[32mPasswordResetController {/api/auth}:[39m[38;5;3m +1ms[39m
[32m[Nest] 109331  - [39m09/16/2026, 6:28:29 AM [32m    LOG[39m [38;5;3m[RouterExplorer] [39m[32mMapped {/api/auth/request-password-reset, POST} route[39m[38;5;3m +0ms[39m
[32m[Nest] 109331  - [39m09/16/2026, 6:28:29 AM [32m    LOG[39m [38;5;3m[RouterExplorer] [39m[32mMapped {/api/auth/reset-password, POST} route[39m[38;5;3m +0ms[39m
[32m[Nest] 109331  - [39m09/16/2026, 6:28:29 AM [32m    LOG[39m [38;5;3m[RoutesResolver] [39m[32mLinkedAccountsController {/api/users/me/linked-accounts}:[39m[38;5;3m +0ms[39m
[32m[Nest] 109331  - [39m09/16/2026, 6:28:29 AM [32m    LOG[39m [38;5;3m[RouterExplorer] [39m[32mMapped {/api/users/me/linked-accounts, GET} route[39m[38;5;3m +1ms[39m
[32m[Nest] 109331  - [39m09/16/2026, 6:28:29 AM [32m    LOG[39m [38;5;3m[RouterExplorer] [39m[32mMapped {/api/users/me/linked-accounts/link, POST} route[39m[38;5;3m +0ms[39m
[32m[Nest] 109331  - [39m09/16/2026, 6:28:29 AM [32m    LOG[39m [38;5;3m[RouterExplorer] [39m[32mMapped {/api/users/me/linked-accounts/unlink, POST} route[39m[38;5;3m +0ms[39m
[32m[Nest] 109331  - [39m09/16/2026, 6:28:29 AM [32m    LOG[39m [38;5;3m[RoutesResolver] [39m[32mAnalyticsController {/api/analytics}:[39m[38;5;3m +0ms[39m
[32m[Nest] 109331  - [39m09/16/2026, 6:28:29 AM [32m    LOG[39m [38;5;3m[RouterExplorer] [39m[32mMapped {/api/analytics/client-error, POST} route[39m[38;5;3m +1ms[39m
[32m[Nest] 109331  - [39m09/16/2026, 6:28:29 AM [32m    LOG[39m [38;5;3m[RoutesResolver] [39m[32mReadingEngineController {/api/reading}:[39m[38;5;3m +0ms[39m
[32m[Nest] 109331  - [39m09/16/2026, 6:28:29 AM [32m    LOG[39m [38;5;3m[RouterExplorer] [39m[32mMapped {/api/reading/resources, POST} route[39m[38;5;3m +0ms[39m
[32m[Nest] 109331  - [39m09/16/2026, 6:28:29 AM [32m    LOG[39m [38;5;3m[RouterExplorer] [39m[32mMapped {/api/reading/resources, GET} route[39m[38;5;3m +1ms[39m
[32m[Nest] 109331  - [39m09/16/2026, 6:28:29 AM [32m    LOG[39m [38;5;3m[RouterExplorer] [39m[32mMapped {/api/reading/resources/:id, GET} route[39m[38;5;3m +0ms[39m
[32m[Nest] 109331  - [39m09/16/2026, 6:28:29 AM [32m    LOG[39m [38;5;3m[RouterExplorer] [39m[32mMapped {/api/reading/resources/:id, PUT} route[39m[38;5;3m +0ms[39m
[32m[Nest] 109331  - [39m09/16/2026, 6:28:29 AM [32m    LOG[39m [38;5;3m[RouterExplorer] [39m[32mMapped {/api/reading/resources/:id, DELETE} route[39m[38;5;3m +0ms[39m
[32m[Nest] 109331  - [39m09/16/2026, 6:28:29 AM [32m    LOG[39m [38;5;3m[RouterExplorer] [39m[32mMapped {/api/reading/resources/:id/tokenise, GET} route[39m[38;5;3m +1ms[39m
[32m[Nest] 109331  - [39m09/16/2026, 6:28:29 AM [32m    LOG[39m [38;5;3m[RouterExplorer] [39m[32mMapped {/api/reading/progress, GET} route[39m[38;5;3m +0ms[39m
[32m[Nest] 109331  - [39m09/16/2026, 6:28:29 AM [32m    LOG[39m [38;5;3m[RouterExplorer] [39m[32mMapped {/api/reading/progress/session, POST} route[39m[38;5;3m +0ms[39m
[32m[Nest] 109331  - [39m09/16/2026, 6:28:29 AM [32m    LOG[39m [38;5;3m[RouterExplorer] [39m[32mMapped {/api/reading/cache/user, DELETE} route[39m[38;5;3m +1ms[39m
[ioredis] Unhandled error event: AggregateError [ECONNREFUSED]:
    at internalConnectMultiple (node:net:1134:18)
    at afterConnectMultiple (node:net:1715:7)
[32m[Nest] 109331  - [39m09/16/2026, 6:28:29 AM [32m    LOG[39m [38;5;3m[EscrowQueueWorker] [39m[32mStarting escrow degraded queue worker[39m
[33m[Nest] 109331  - [39m09/16/2026, 6:28:29 AM [33m   WARN[39m [38;5;3m[VersionService] [39m[33mGITHUB_REPO not set; version check will use current version[39m
[33m[Nest] 109331  - [39m09/16/2026, 6:28:29 AM [33m   WARN[39m [38;5;3m[AchievementsService] [39m[33machievements.seed_failed[39m
[32m[Nest] 109331  - [39m09/16/2026, 6:28:29 AM [32m    LOG[39m [38;5;3m[NestApplication] [39m[32mNest application successfully started[39m[38;5;3m +83ms[39m
[33m[Nest] 109331  - [39m09/16/2026, 6:28:29 AM [33m   WARN[39m [38;5;3m[EventsService] [39m[33mCould not claim due event reminders[39m
[31m[Nest] 109331  - [39m09/16/2026, 6:28:29 AM [31m  ERROR[39m [38;5;3m[EventsService] [39m[31mEvent reminder dispatch tick failed[39m
[31m[Nest] 109331  - [39m09/16/2026, 6:28:29 AM [31m  ERROR[39m [38;5;3m[SupabaseService] [39m[31mRedis connection error in SupabaseService: [39m
[31m[Nest] 109331  - [39m09/16/2026, 6:28:29 AM [31m  ERROR[39m [38;5;3m[SupabaseService] [39m[31mRedis connection error in SupabaseService: [39m
[31m[Nest] 109331  - [39m09/16/2026, 6:28:29 AM [31m  ERROR[39m [38;5;3m[EscrowService] [39m[31mFailed to access degraded queue: Reached the max retries per request limit (which is 1). Refer to "maxRetriesPerRequest" option for details.[39m
[31m[Nest] 109331  - [39m09/16/2026, 6:28:29 AM [31m  ERROR[39m [38;5;3m[SupabaseService] [39m[31mRedis connection error in SupabaseService: [39m
[31m[Nest] 109331  - [39m09/16/2026, 6:28:29 AM [31m  ERROR[39m [38;5;3m[SupabaseService] [39m[31mRedis connection error in SupabaseService: [39m
[31m[Nest] 109331  - [39m09/16/2026, 6:28:29 AM [31m  ERROR[39m [38;5;3m[SupabaseService] [39m[31mRedis connection error in SupabaseService: [39m
[31m[Nest] 109331  - [39m09/16/2026, 6:28:30 AM [31m  ERROR[39m [38;5;3m[SupabaseService] [39m[31mRedis connection error in SupabaseService: [39m
[31m[Nest] 109331  - [39m09/16/2026, 6:28:30 AM [31m  ERROR[39m [38;5;3m[SupabaseService] [39m[31mRedis connection error in SupabaseService: [39m
[31m[Nest] 109331  - [39m09/16/2026, 6:28:30 AM [31m  ERROR[39m [38;5;3m[SupabaseService] [39m[31mRedis connection error in SupabaseService: [39m
[31m[Nest] 109331  - [39m09/16/2026, 6:28:31 AM [31m  ERROR[39m [38;5;3m[SupabaseService] [39m[31mRedis connection error in SupabaseService: [39m
[31m[Nest] 109331  - [39m09/16/2026, 6:28:31 AM [31m  ERROR[39m [38;5;3m[SupabaseService] [39m[31mRedis connection error in SupabaseService: [39m
[31m[Nest] 109331  - [39m09/16/2026, 6:28:32 AM [31m  ERROR[39m [38;5;3m[SupabaseService] [39m[31mRedis connection error in SupabaseService: [39m
[31m[Nest] 109331  - [39m09/16/2026, 6:28:32 AM [31m  ERROR[39m [38;5;3m[SupabaseService] [39m[31mRedis connection error in SupabaseService: [39m
[31m[Nest] 109331  - [39m09/16/2026, 6:28:33 AM [31m  ERROR[39m [38;5;3m[SupabaseService] [39m[31mRedis connection error in SupabaseService: [39m
[31m[Nest] 109331  - [39m09/16/2026, 6:28:33 AM [31m  ERROR[39m [38;5;3m[SupabaseService] [39m[31mRedis connection error in SupabaseService: [39m
[31m[Nest] 109331  - [39m09/16/2026, 6:28:34 AM [31m  ERROR[39m [38;5;3m[SupabaseService] [39m[31mRedis connection error in SupabaseService: [39m
[31m[Nest] 109331  - [39m09/16/2026, 6:28:35 AM [31m  ERROR[39m [38;5;3m[SupabaseService] [39m[31mRedis connection error in SupabaseService: [39m
[31m[Nest] 109331  - [39m09/16/2026, 6:28:36 AM [31m  ERROR[39m [38;5;3m[SupabaseService] [39m[31mRedis connection error in SupabaseService: [39m
[33m[Nest] 109331  - [39m09/16/2026, 6:28:36 AM [33m   WARN[39m [38;5;3m[EventsService] [39m[33mScheduled Language Party event scan failed[39m
[31m[Nest] 109331  - [39m09/16/2026, 6:28:37 AM [31m  ERROR[39m [38;5;3m[SupabaseService] [39m[31mRedis connection error in SupabaseService: [39m
[31m[Nest] 109331  - [39m09/16/2026, 6:28:37 AM [31m  ERROR[39m [38;5;3m[SupabaseService] [39m[31mRedis connection error in SupabaseService: [39m
[31m[Nest] 109331  - [39m09/16/2026, 6:28:38 AM [31m  ERROR[39m [38;5;3m[SupabaseService] [39m[31mRedis connection error in SupabaseService: [39m
[31m[Nest] 109331  - [39m09/16/2026, 6:28:39 AM [31m  ERROR[39m [38;5;3m[SupabaseService] [39m[31mRedis connection error in SupabaseService: [39m
[31m[Nest] 109331  - [39m09/16/2026, 6:28:40 AM [31m  ERROR[39m [38;5;3m[SupabaseService] [39m[31mRedis connection error in SupabaseService: [39m
[31m[Nest] 109331  - [39m09/16/2026, 6:28:42 AM [31m  ERROR[39m [38;5;3m[SupabaseService] [39m[31mRedis connection error in SupabaseService: [39m
[31m[Nest] 109331  - [39m09/16/2026, 6:28:43 AM [31m  ERROR[39m [38;5;3m[SupabaseService] [39m[31mRedis connection error in SupabaseService: [39m
[31m[Nest] 109331  - [39m09/16/2026, 6:28:44 AM [31m  ERROR[39m [38;5;3m[SupabaseService] [39m[31mRedis connection error in SupabaseService: [39m
[31m[Nest] 109331  - [39m09/16/2026, 6:28:45 AM [31m  ERROR[39m [38;5;3m[SupabaseService] [39m[31mRedis connection error in SupabaseService: [39m
[33m[Nest] 109331  - [39m09/16/2026, 6:28:46 AM [33m   WARN[39m [38;5;3m[EventsService] [39m[33mScheduled Language Party event scan failed[39m
[31m[Nest] 109331  - [39m09/16/2026, 6:28:46 AM [31m  ERROR[39m [38;5;3m[SupabaseService] [39m[31mRedis connection error in SupabaseService: [39m
[31m[Nest] 109331  - [39m09/16/2026, 6:28:48 AM [31m  ERROR[39m [38;5;3m[SupabaseService] [39m[31mRedis connection error in SupabaseService: [39m
[31m[Nest] 109331  - [39m09/16/2026, 6:28:49 AM [31m  ERROR[39m [38;5;3m[SupabaseService] [39m[31mRedis connection error in SupabaseService: [39m
[31m[Nest] 109331  - [39m09/16/2026, 6:28:51 AM [31m  ERROR[39m [38;5;3m[SupabaseService] [39m[31mRedis connection error in SupabaseService: [39m
[31m[Nest] 109331  - [39m09/16/2026, 6:28:52 AM [31m  ERROR[39m [38;5;3m[SupabaseService] [39m[31mRedis connection error in SupabaseService: [39m
[31m[Nest] 109331  - [39m09/16/2026, 6:28:54 AM [31m  ERROR[39m [38;5;3m[SupabaseService] [39m[31mRedis connection error in SupabaseService: [39m
[31m[Nest] 109331  - [39m09/16/2026, 6:28:55 AM [31m  ERROR[39m [38;5;3m[SupabaseService] [39m[31mRedis connection error in SupabaseService: [39m
[33m[Nest] 109331  - [39m09/16/2026, 6:28:56 AM [33m   WARN[39m [38;5;3m[EventsService] [39m[33mScheduled Language Party event scan failed[39m
{"level":"WARN","time":"2026-09-16T06:28:57.247Z","pid":109331,"hostname":"devbox","req":{"method":"GET","url":"/api/economy/catalog","query":{}},"msg":"Economy client error: Invalid or expired token","path":"/api/economy/catalog","method":"GET","timestamp":"2026-09-16T06:28:57.246Z","statusCode":401,"errorCode":"ECONOMY_UNAUTHORISED","userAgent":"Mozilla/5.0 (X11; Linux x86_64) AppleWebKit/537.36 (KHTML, like Gecko) HeadlessChrome/145.0.7632.6 Safari/537.36","ip":"::ffff:127.0.0.1"}
{"level":"INFO","time":"2026-09-16T06:28:57.250Z","pid":109331,"hostname":"devbox","req":{"method":"GET","url":"/api/economy/catalog","query":{}},"res":{"statusCode":401},"responseTime":25,"msg":"request completed"}
{"level":"WARN","time":"2026-09-16T06:28:57.271Z","pid":109331,"hostname":"devbox","req":{"method":"GET","url":"/api/economy/balance","query":{}},"msg":"Economy client error: Invalid or expired token","path":"/api/economy/balance","method":"GET","timestamp":"2026-09-16T06:28:57.271Z","statusCode":401,"errorCode":"ECONOMY_UNAUTHORISED","userAgent":"Mozilla/5.0 (X11; Linux x86_64) AppleWebKit/537.36 (KHTML, like Gecko) HeadlessChrome/145.0.7632.6 Safari/537.36","ip":"::ffff:127.0.0.1"}
{"level":"INFO","time":"2026-09-16T06:28:57.272Z","pid":109331,"hostname":"devbox","req":{"method":"GET","url":"/api/economy/balance","query":{}},"res":{"statusCode":401},"responseTime":19,"msg":"request completed"}
{"level":"INFO","time":"2026-09-16T06:28:57.278Z","pid":109331,"hostname":"devbox","req":{"method":"GET","url":"/api/safety/blocked-ids","query":{}},"res":{"statusCode":401},"responseTime":12,"msg":"request completed"}
{"level":"WARN","time":"2026-09-16T06:28:57.282Z","pid":109331,"hostname":"devbox","req":{"method":"GET","url":"/api/economy/transactions","query":{}},"msg":"Economy client error: Invalid or expired token","path":"/api/economy/transactions","method":"GET","timestamp":"2026-09-16T06:28:57.282Z","statusCode":401,"errorCode":"ECONOMY_UNAUTHORISED","userAgent":"Mozilla/5.0 (X11; Linux x86_64) AppleWebKit/537.36 (KHTML, like Gecko) HeadlessChrome/145.0.7632.6 Safari/537.36","ip":"::ffff:127.0.0.1"}
{"level":"INFO","time":"2026-09-16T06:28:57.283Z","pid":109331,"hostname":"devbox","req":{"method":"GET","url":"/api/economy/transactions","query":{}},"res":{"statusCode":401},"responseTime":10,"msg":"request completed"}
{"level":"WARN","time":"2026-09-16T06:28:57.287Z","pid":109331,"hostname":"devbox","req":{"method":"GET","url":"/api/economy/sticker-packs","query":{}},"msg":"Economy client error: Invalid or expired token","path":"/api/economy/sticker-packs","method":"GET","timestamp":"2026-09-16T06:28:57.287Z","statusCode":401,"errorCode":"ECONOMY_UNAUTHORISED","userAgent":"Mozilla/5.0 (X11; Linux x86_64) AppleWebKit/537.36 (KHTML, like Gecko) HeadlessChrome/145.0.7632.6 Safari/537.36","ip":"::ffff:127.0.0.1"}
{"level":"INFO","time":"2026-09-16T06:28:57.288Z","pid":109331,"hostname":"devbox","req":{"method":"GET","url":"/api/economy/sticker-packs","query":{}},"res":{"statusCode":401},"responseTime":9,"msg":"request completed"}
{"level":"INFO","time":"2026-09-16T06:28:57.318Z","pid":109331,"hostname":"devbox","req":{"method":"GET","url":"/api/safety/blocked-ids","query":{}},"res":{"statusCode":401},"responseTime":2,"msg":"request completed"}
{"level":"WARN","time":"2026-09-16T06:28:57.386Z","pid":109331,"hostname":"devbox","req":{"method":"POST","url":"/api/economy/daily-check-in","query":{}},"msg":"Economy client error: Invalid or expired token","path":"/api/economy/daily-check-in","method":"POST","timestamp":"2026-09-16T06:28:57.385Z","statusCode":401,"errorCode":"ECONOMY_UNAUTHORISED","userAgent":"Mozilla/5.0 (X11; Linux x86_64) AppleWebKit/537.36 (KHTML, like Gecko) HeadlessChrome/145.0.7632.6 Safari/537.36","ip":"::ffff:127.0.0.1"}
{"level":"INFO","time":"2026-09-16T06:28:57.387Z","pid":109331,"hostname":"devbox","req":{"method":"POST","url":"/api/economy/daily-check-in","query":{}},"res":{"statusCode":401},"responseTime":16,"msg":"request completed"}
{"level":"INFO","time":"2026-09-16T06:28:57.406Z","pid":109331,"hostname":"devbox","req":{"method":"GET","url":"/api/chat/archived-rooms","query":{}},"res":{"statusCode":401},"responseTime":14,"msg":"request completed"}
{"level":"INFO","time":"2026-09-16T06:28:57.409Z","pid":109331,"hostname":"devbox","req":{"method":"GET","url":"/api/chat/labels","query":{}},"res":{"statusCode":401},"responseTime":12,"msg":"request completed"}
{"level":"INFO","time":"2026-09-16T06:28:57.414Z","pid":109331,"hostname":"devbox","req":{"method":"GET","url":"/api/chat/locked-rooms","query":{}},"res":{"statusCode":401},"responseTime":26,"msg":"request completed"}
{"level":"INFO","time":"2026-09-16T06:28:57.529Z","pid":109331,"hostname":"devbox","req":{"method":"GET","url":"/api/chat/rooms","query":{}},"res":{"statusCode":401},"responseTime":42,"msg":"request completed"}
[31m[Nest] 109331  - [39m09/16/2026, 6:28:57 AM [31m  ERROR[39m [38;5;3m[SupabaseService] [39m[31mRedis connection error in SupabaseService: [39m
{"level":"INFO","time":"2026-09-16T06:28:57.537Z","pid":109331,"hostname":"devbox","req":{"method":"POST","url":"/api/chat/token","query":{}},"res":{"statusCode":401},"responseTime":29,"msg":"request completed"}
{"level":"INFO","time":"2026-09-16T06:28:57.574Z","pid":109331,"hostname":"devbox","req":{"method":"GET","url":"/api/notifications/unread-count","query":{}},"res":{"statusCode":401},"responseTime":10,"msg":"request completed"}
{"level":"INFO","time":"2026-09-16T06:28:57.593Z","pid":109331,"hostname":"devbox","req":{"method":"GET","url":"/api/chat/rooms","query":{}},"res":{"statusCode":401},"responseTime":10,"msg":"request completed"}
{"level":"INFO","time":"2026-09-16T06:28:58.017Z","pid":109331,"hostname":"devbox","req":{"method":"POST","url":"/api/chat/token","query":{}},"res":{"statusCode":401},"responseTime":5,"msg":"request completed"}
{"level":"INFO","time":"2026-09-16T06:28:59.081Z","pid":109331,"hostname":"devbox","req":{"method":"POST","url":"/api/chat/token","query":{}},"res":{"statusCode":401},"responseTime":39,"msg":"request completed"}
[31m[Nest] 109331  - [39m09/16/2026, 6:28:59 AM [31m  ERROR[39m [38;5;3m[SupabaseService] [39m[31mRedis connection error in SupabaseService: [39m
{"level":"INFO","time":"2026-09-16T06:28:59.252Z","pid":109331,"hostname":"devbox","req":{"method":"GET","url":"/api/chat/archived-rooms","query":{}},"res":{"statusCode":401},"responseTime":4,"msg":"request completed"}
{"level":"INFO","time":"2026-09-16T06:29:00.851Z","pid":109331,"hostname":"devbox","req":{"method":"POST","url":"/api/chat/token","query":{}},"res":{"statusCode":401},"responseTime":5,"msg":"request completed"}
[31m[Nest] 109331  - [39m09/16/2026, 6:29:00 AM [31m  ERROR[39m [38;5;3m[SupabaseService] [39m[31mRedis connection error in SupabaseService: [39m
[31m[Nest] 109331  - [39m09/16/2026, 6:29:01 AM [31m  ERROR[39m [38;5;3m[EscrowService] [39m[31mFailed to access degraded queue: Reached the max retries per request limit (which is 1). Refer to "maxRetriesPerRequest" option for details.[39m
{"level":"ERROR","time":"2026-09-16T06:29:01.000Z","pid":109331,"hostname":"devbox","error":"Reached the max retries per request limit (which is 1). Refer to \"maxRetriesPerRequest\" option for details.","msg":"Failed to aggregate matchmaking metrics"}
[31m[Nest] 109331  - [39m09/16/2026, 6:29:02 AM [31m  ERROR[39m [38;5;3m[SupabaseService] [39m[31mRedis connection error in SupabaseService: [39m
[31m[Nest] 109331  - [39m09/16/2026, 6:29:04 AM [31m  ERROR[39m [38;5;3m[SupabaseService] [39m[31mRedis connection error in SupabaseService: [39m
[33m[Nest] 109331  - [39m09/16/2026, 6:29:06 AM [33m   WARN[39m [38;5;3m[EventsService] [39m[33mScheduled Language Party event scan failed[39m
[31m[Nest] 109331  - [39m09/16/2026, 6:29:06 AM [31m  ERROR[39m [38;5;3m[SupabaseService] [39m[31mRedis connection error in SupabaseService: [39m
[31m[Nest] 109331  - [39m09/16/2026, 6:29:08 AM [31m  ERROR[39m [38;5;3m[SupabaseService] [39m[31mRedis connection error in SupabaseService: [39m
[31m[Nest] 109331  - [39m09/16/2026, 6:29:10 AM [31m  ERROR[39m [38;5;3m[SupabaseService] [39m[31mRedis connection error in SupabaseService: [39m
[31m[Nest] 109331  - [39m09/16/2026, 6:29:12 AM [31m  ERROR[39m [38;5;3m[SupabaseService] [39m[31mRedis connection error in SupabaseService: [39m
[31m[Nest] 109331  - [39m09/16/2026, 6:29:14 AM [31m  ERROR[39m [38;5;3m[SupabaseService] [39m[31mRedis connection error in SupabaseService: [39m
[33m[Nest] 109331  - [39m09/16/2026, 6:29:16 AM [33m   WARN[39m [38;5;3m[EventsService] [39m[33mScheduled Language Party event scan failed[39m
[31m[Nest] 109331  - [39m09/16/2026, 6:29:16 AM [31m  ERROR[39m [38;5;3m[SupabaseService] [39m[31mRedis connection error in SupabaseService: [39m
[31m[Nest] 109331  - [39m09/16/2026, 6:29:18 AM [31m  ERROR[39m [38;5;3m[SupabaseService] [39m[31mRedis connection error in SupabaseService: [39m
[31m[Nest] 109331  - [39m09/16/2026, 6:29:20 AM [31m  ERROR[39m [38;5;3m[SupabaseService] [39m[31mRedis connection error in SupabaseService: [39m
[31m[Nest] 109331  - [39m09/16/2026, 6:29:22 AM [31m  ERROR[39m [38;5;3m[SupabaseService] [39m[31mRedis connection error in SupabaseService: [39m
[31m[Nest] 109331  - [39m09/16/2026, 6:29:24 AM [31m  ERROR[39m [38;5;3m[SupabaseService] [39m[31mRedis connection error in SupabaseService: [39m
[33m[Nest] 109331  - [39m09/16/2026, 6:29:26 AM [33m   WARN[39m [38;5;3m[EventsService] [39m[33mScheduled Language Party event scan failed[39m
[31m[Nest] 109331  - [39m09/16/2026, 6:29:26 AM [31m  ERROR[39m [38;5;3m[SupabaseService] [39m[31mRedis connection error in SupabaseService: [39m
[31m[Nest] 109331  - [39m09/16/2026, 6:29:28 AM [31m  ERROR[39m [38;5;3m[SupabaseService] [39m[31mRedis connection error in SupabaseService: [39m
[33m[Nest] 109331  - [39m09/16/2026, 6:29:29 AM [33m   WARN[39m [38;5;3m[EventsService] [39m[33mCould not claim due event reminders[39m
[31m[Nest] 109331  - [39m09/16/2026, 6:29:29 AM [31m  ERROR[39m [38;5;3m[EventsService] [39m[31mEvent reminder dispatch tick failed[39m
[31m[Nest] 109331  - [39m09/16/2026, 6:29:30 AM [31m  ERROR[39m [38;5;3m[SupabaseService] [39m[31mRedis connection error in SupabaseService: [39m
[31m[Nest] 109331  - [39m09/16/2026, 6:29:32 AM [31m  ERROR[39m [38;5;3m[SupabaseService] [39m[31mRedis connection error in SupabaseService: [39m
[31m[Nest] 109331  - [39m09/16/2026, 6:29:32 AM [31m  ERROR[39m [38;5;3m[EscrowService] [39m[31mFailed to access degraded queue: Reached the max retries per request limit (which is 1). Refer to "maxRetriesPerRequest" option for details.[39m
[31m[Nest] 109331  - [39m09/16/2026, 6:29:34 AM [31m  ERROR[39m [38;5;3m[SupabaseService] [39m[31mRedis connection error in SupabaseService: [39m
[33m[Nest] 109331  - [39m09/16/2026, 6:29:36 AM [33m   WARN[39m [38;5;3m[EventsService] [39m[33mScheduled Language Party event scan failed[39m
[31m[Nest] 109331  - [39m09/16/2026, 6:29:36 AM [31m  ERROR[39m [38;5;3m[SupabaseService] [39m[31mRedis connection error in SupabaseService: [39m
[31m[Nest] 109331  - [39m09/16/2026, 6:29:38 AM [31m  ERROR[39m [38;5;3m[SupabaseService] [39m[31mRedis connection error in SupabaseService: [39m
[31m[Nest] 109331  - [39m09/16/2026, 6:29:40 AM [31m  ERROR[39m [38;5;3m[SupabaseService] [39m[31mRedis connection error in SupabaseService: [39m
[31m[Nest] 109331  - [39m09/16/2026, 6:29:42 AM [31m  ERROR[39m [38;5;3m[SupabaseService] [39m[31mRedis connection error in SupabaseService: [39m
[31m[Nest] 109331  - [39m09/16/2026, 6:29:44 AM [31m  ERROR[39m [38;5;3m[SupabaseService] [39m[31mRedis connection error in SupabaseService: [39m
[33m[Nest] 109331  - [39m09/16/2026, 6:29:46 AM [33m   WARN[39m [38;5;3m[EventsService] [39m[33mScheduled Language Party event scan failed[39m
[31m[Nest] 109331  - [39m09/16/2026, 6:29:46 AM [31m  ERROR[39m [38;5;3m[SupabaseService] [39m[31mRedis connection error in SupabaseService: [39m
[31m[Nest] 109331  - [39m09/16/2026, 6:29:48 AM [31m  ERROR[39m [38;5;3m[SupabaseService] [39m[31mRedis connection error in SupabaseService: [39m
[31m[Nest] 109331  - [39m09/16/2026, 6:29:50 AM [31m  ERROR[39m [38;5;3m[SupabaseService] [39m[31mRedis connection error in SupabaseService: [39m
[31m[Nest] 109331  - [39m09/16/2026, 6:29:52 AM [31m  ERROR[39m [38;5;3m[SupabaseService] [39m[31mRedis connection error in SupabaseService: [39m
[31m[Nest] 109331  - [39m09/16/2026, 6:29:54 AM [31m  ERROR[39m [38;5;3m[SupabaseService] [39m[31mRedis connection error in SupabaseService: [39m
[33m[Nest] 109331  - [39m09/16/2026, 6:29:56 AM [33m   WARN[39m [38;5;3m[EventsService] [39m[33mScheduled Language Party event scan failed[39m
[31m[Nest] 109331  - [39m09/16/2026, 6:29:56 AM [31m  ERROR[39m [38;5;3m[SupabaseService] [39m[31mRedis connection error in SupabaseService: [39m
[31m[Nest] 109331  - [39m09/16/2026, 6:29:58 AM [31m  ERROR[39m [38;5;3m[SupabaseService] [39m[31mRedis connection error in SupabaseService: [39m
[33m[Nest] 109331  - [39m09/16/2026, 6:30:00 AM [33m   WARN[39m [38;5;3m[PremiumAiReconciliationService] [39m[33mPremium AI stale-run reconciliation failed ()[39m
[31m[Nest] 109331  - [39m09/16/2026, 6:30:00 AM [31m  ERROR[39m [38;5;3m[SupabaseService] [39m[31mRedis connection error in SupabaseService: [39m
[31m[Nest] 109331  - [39m09/16/2026, 6:30:00 AM [31m  ERROR[39m [38;5;3m[EscrowService] [39m[31mFailed to access degraded queue: Reached the max retries per request limit (which is 1). Refer to "maxRetriesPerRequest" option for details.[39m
{"level":"ERROR","time":"2026-09-16T06:30:00.569Z","pid":109331,"hostname":"devbox","error":"Reached the max retries per request limit (which is 1). Refer to \"maxRetriesPerRequest\" option for details.","msg":"Failed to aggregate matchmaking metrics"}
[31m[Nest] 109331  - [39m09/16/2026, 6:30:02 AM [31m  ERROR[39m [38;5;3m[SupabaseService] [39m[31mRedis connection error in SupabaseService: [39m
[31m[Nest] 109331  - [39m09/16/2026, 6:30:04 AM [31m  ERROR[39m [38;5;3m[SupabaseService] [39m[31mRedis connection error in SupabaseService: [39m
[33m[Nest] 109331  - [39m09/16/2026, 6:30:06 AM [33m   WARN[39m [38;5;3m[EventsService] [39m[33mScheduled Language Party event scan failed[39m
[31m[Nest] 109331  - [39m09/16/2026, 6:30:06 AM [31m  ERROR[39m [38;5;3m[SupabaseService] [39m[31mRedis connection error in SupabaseService: [39m
[31m[Nest] 109331  - [39m09/16/2026, 6:30:08 AM [31m  ERROR[39m [38;5;3m[SupabaseService] [39m[31mRedis connection error in SupabaseService: [39m
[31m[Nest] 109331  - [39m09/16/2026, 6:30:10 AM [31m  ERROR[39m [38;5;3m[SupabaseService] [39m[31mRedis connection error in SupabaseService: [39m
[31m[Nest] 109331  - [39m09/16/2026, 6:30:12 AM [31m  ERROR[39m [38;5;3m[SupabaseService] [39m[31mRedis connection error in SupabaseService: [39m
[31m[Nest] 109331  - [39m09/16/2026, 6:30:14 AM [31m  ERROR[39m [38;5;3m[SupabaseService] [39m[31mRedis connection error in SupabaseService: [39m
[33m[Nest] 109331  - [39m09/16/2026, 6:30:16 AM [33m   WARN[39m [38;5;3m[EventsService] [39m[33mScheduled Language Party event scan failed[39m
[31m[Nest] 109331  - [39m09/16/2026, 6:30:16 AM [31m  ERROR[39m [38;5;3m[SupabaseService] [39m[31mRedis connection error in SupabaseService: [39m
[31m[Nest] 109331  - [39m09/16/2026, 6:30:18 AM [31m  ERROR[39m [38;5;3m[SupabaseService] [39m[31mRedis connection error in SupabaseService: [39m
[31m[Nest] 109331  - [39m09/16/2026, 6:30:20 AM [31m  ERROR[39m [38;5;3m[SupabaseService] [39m[31mRedis connection error in SupabaseService: [39m
[31m[Nest] 109331  - [39m09/16/2026, 6:30:22 AM [31m  ERROR[39m [38;5;3m[SupabaseService] [39m[31mRedis connection error in SupabaseService: [39m
[31m[Nest] 109331  - [39m09/16/2026, 6:30:24 AM [31m  ERROR[39m [38;5;3m[SupabaseService] [39m[31mRedis connection error in SupabaseService: [39m
[33m[Nest] 109331  - [39m09/16/2026, 6:30:26 AM [33m   WARN[39m [38;5;3m[EventsService] [39m[33mScheduled Language Party event scan failed[39m
[31m[Nest] 109331  - [39m09/16/2026, 6:30:26 AM [31m  ERROR[39m [38;5;3m[SupabaseService] [39m[31mRedis connection error in SupabaseService: [39m
[31m[Nest] 109331  - [39m09/16/2026, 6:30:28 AM [31m  ERROR[39m [38;5;3m[SupabaseService] [39m[31mRedis connection error in SupabaseService: [39m
[33m[Nest] 109331  - [39m09/16/2026, 6:30:29 AM [33m   WARN[39m [38;5;3m[EventsService] [39m[33mCould not claim due event reminders[39m
[31m[Nest] 109331  - [39m09/16/2026, 6:30:29 AM [31m  ERROR[39m [38;5;3m[EventsService] [39m[31mEvent reminder dispatch tick failed[39m
[31m[Nest] 109331  - [39m09/16/2026, 6:30:30 AM [31m  ERROR[39m [38;5;3m[SupabaseService] [39m[31mRedis connection error in SupabaseService: [39m
[31m[Nest] 109331  - [39m09/16/2026, 6:30:32 AM [31m  ERROR[39m [38;5;3m[SupabaseService] [39m[31mRedis connection error in SupabaseService: [39m
[31m[Nest] 109331  - [39m09/16/2026, 6:30:32 AM [31m  ERROR[39m [38;5;3m[EscrowService] [39m[31mFailed to access degraded queue: Reached the max retries per request limit (which is 1). Refer to "maxRetriesPerRequest" option for details.[39m
[31m[Nest] 109331  - [39m09/16/2026, 6:30:34 AM [31m  ERROR[39m [38;5;3m[SupabaseService] [39m[31mRedis connection error in SupabaseService: [39m
[33m[Nest] 109331  - [39m09/16/2026, 6:30:36 AM [33m   WARN[39m [38;5;3m[EventsService] [39m[33mScheduled Language Party event scan failed[39m
[31m[Nest] 109331  - [39m09/16/2026, 6:30:36 AM [31m  ERROR[39m [38;5;3m[SupabaseService] [39m[31mRedis connection error in SupabaseService: [39m
[31m[Nest] 109331  - [39m09/16/2026, 6:30:38 AM [31m  ERROR[39m [38;5;3m[SupabaseService] [39m[31mRedis connection error in SupabaseService: [39m
[31m[Nest] 109331  - [39m09/16/2026, 6:30:40 AM [31m  ERROR[39m [38;5;3m[SupabaseService] [39m[31mRedis connection error in SupabaseService: [39m
[31m[Nest] 109331  - [39m09/16/2026, 6:30:42 AM [31m  ERROR[39m [38;5;3m[SupabaseService] [39m[31mRedis connection error in SupabaseService: [39m
[31m[Nest] 109331  - [39m09/16/2026, 6:30:44 AM [31m  ERROR[39m [38;5;3m[SupabaseService] [39m[31mRedis connection error in SupabaseService: [39m
[33m[Nest] 109331  - [39m09/16/2026, 6:30:46 AM [33m   WARN[39m [38;5;3m[EventsService] [39m[33mScheduled Language Party event scan failed[39m
[31m[Nest] 109331  - [39m09/16/2026, 6:30:46 AM [31m  ERROR[39m [38;5;3m[SupabaseService] [39m[31mRedis connection error in SupabaseService: [39m
[31m[Nest] 109331  - [39m09/16/2026, 6:30:48 AM [31m  ERROR[39m [38;5;3m[SupabaseService] [39m[31mRedis connection error in SupabaseService: [39m
[31m[Nest] 109331  - [39m09/16/2026, 6:30:50 AM [31m  ERROR[39m [38;5;3m[SupabaseService] [39m[31mRedis connection error in SupabaseService: [39m
[31m[Nest] 109331  - [39m09/16/2026, 6:30:52 AM [31m  ERROR[39m [38;5;3m[SupabaseService] [39m[31mRedis connection error in SupabaseService: [39m
[31m[Nest] 109331  - [39m09/16/2026, 6:30:54 AM [31m  ERROR[39m [38;5;3m[SupabaseService] [39m[31mRedis connection error in SupabaseService: [39m
[33m[Nest] 109331  - [39m09/16/2026, 6:30:56 AM [33m   WARN[39m [38;5;3m[EventsService] [39m[33mScheduled Language Party event scan failed[39m
[31m[Nest] 109331  - [39m09/16/2026, 6:30:56 AM [31m  ERROR[39m [38;5;3m[SupabaseService] [39m[31mRedis connection error in SupabaseService: [39m
[31m[Nest] 109331  - [39m09/16/2026, 6:30:58 AM [31m  ERROR[39m [38;5;3m[SupabaseService] [39m[31mRedis connection error in SupabaseService: [39m
[31m[Nest] 109331  - [39m09/16/2026, 6:31:00 AM [31m  ERROR[39m [38;5;3m[SupabaseService] [39m[31mRedis connection error in SupabaseService: [39m
[31m[Nest] 109331  - [39m09/16/2026, 6:31:00 AM [31m  ERROR[39m [38;5;3m[EscrowService] [39m[31mFailed to access degraded queue: Reached the max retries per request limit (which is 1). Refer to "maxRetriesPerRequest" option for details.[39m
{"level":"ERROR","time":"2026-09-16T06:31:00.633Z","pid":109331,"hostname":"devbox","error":"Reached the max retries per request limit (which is 1). Refer to \"maxRetriesPerRequest\" option for details.","msg":"Failed to aggregate matchmaking metrics"}
[31m[Nest] 109331  - [39m09/16/2026, 6:31:02 AM [31m  ERROR[39m [38;5;3m[SupabaseService] [39m[31mRedis connection error in SupabaseService: [39m
[31m[Nest] 109331  - [39m09/16/2026, 6:31:04 AM [31m  ERROR[39m [38;5;3m[SupabaseService] [39m[31mRedis connection error in SupabaseService: [39m
[33m[Nest] 109331  - [39m09/16/2026, 6:31:06 AM [33m   WARN[39m [38;5;3m[EventsService] [39m[33mScheduled Language Party event scan failed[39m
[31m[Nest] 109331  - [39m09/16/2026, 6:31:06 AM [31m  ERROR[39m [38;5;3m[SupabaseService] [39m[31mRedis connection error in SupabaseService: [39m
[31m[Nest] 109331  - [39m09/16/2026, 6:31:08 AM [31m  ERROR[39m [38;5;3m[SupabaseService] [39m[31mRedis connection error in SupabaseService: [39m
[31m[Nest] 109331  - [39m09/16/2026, 6:31:10 AM [31m  ERROR[39m [38;5;3m[SupabaseService] [39m[31mRedis connection error in SupabaseService: [39m
[31m[Nest] 109331  - [39m09/16/2026, 6:31:12 AM [31m  ERROR[39m [38;5;3m[SupabaseService] [39m[31mRedis connection error in SupabaseService: [39m
[31m[Nest] 109331  - [39m09/16/2026, 6:31:14 AM [31m  ERROR[39m [38;5;3m[SupabaseService] [39m[31mRedis connection error in SupabaseService: [39m
[33m[Nest] 109331  - [39m09/16/2026, 6:31:16 AM [33m   WARN[39m [38;5;3m[EventsService] [39m[33mScheduled Language Party event scan failed[39m
[31m[Nest] 109331  - [39m09/16/2026, 6:31:16 AM [31m  ERROR[39m [38;5;3m[SupabaseService] [39m[31mRedis connection error in SupabaseService: [39m
[31m[Nest] 109331  - [39m09/16/2026, 6:31:18 AM [31m  ERROR[39m [38;5;3m[SupabaseService] [39m[31mRedis connection error in SupabaseService: [39m
[31m[Nest] 109331  - [39m09/16/2026, 6:31:20 AM [31m  ERROR[39m [38;5;3m[SupabaseService] [39m[31mRedis connection error in SupabaseService: [39m
[31m[Nest] 109331  - [39m09/16/2026, 6:31:22 AM [31m  ERROR[39m [38;5;3m[SupabaseService] [39m[31mRedis connection error in SupabaseService: [39m
[31m[Nest] 109331  - [39m09/16/2026, 6:31:24 AM [31m  ERROR[39m [38;5;3m[SupabaseService] [39m[31mRedis connection error in SupabaseService: [39m
[33m[Nest] 109331  - [39m09/16/2026, 6:31:26 AM [33m   WARN[39m [38;5;3m[EventsService] [39m[33mScheduled Language Party event scan failed[39m
[31m[Nest] 109331  - [39m09/16/2026, 6:31:26 AM [31m  ERROR[39m [38;5;3m[SupabaseService] [39m[31mRedis connection error in SupabaseService: [39m
[31m[Nest] 109331  - [39m09/16/2026, 6:31:28 AM [31m  ERROR[39m [38;5;3m[SupabaseService] [39m[31mRedis connection error in SupabaseService: [39m
[33m[Nest] 109331  - [39m09/16/2026, 6:31:29 AM [33m   WARN[39m [38;5;3m[EventsService] [39m[33mCould not claim due event reminders[39m
[31m[Nest] 109331  - [39m09/16/2026, 6:31:29 AM [31m  ERROR[39m [38;5;3m[EventsService] [39m[31mEvent reminder dispatch tick failed[39m
[31m[Nest] 109331  - [39m09/16/2026, 6:31:30 AM [31m  ERROR[39m [38;5;3m[SupabaseService] [39m[31mRedis connection error in SupabaseService: [39m
[31m[Nest] 109331  - [39m09/16/2026, 6:31:32 AM [31m  ERROR[39m [38;5;3m[SupabaseService] [39m[31mRedis connection error in SupabaseService: [39m
[31m[Nest] 109331  - [39m09/16/2026, 6:31:32 AM [31m  ERROR[39m [38;5;3m[EscrowService] [39m[31mFailed to access degraded queue: Reached the max retries per request limit (which is 1). Refer to "maxRetriesPerRequest" option for details.[39m
[31m[Nest] 109331  - [39m09/16/2026, 6:31:34 AM [31m  ERROR[39m [38;5;3m[SupabaseService] [39m[31mRedis connection error in SupabaseService: [39m
[33m[Nest] 109331  - [39m09/16/2026, 6:31:36 AM [33m   WARN[39m [38;5;3m[EventsService] [39m[33mScheduled Language Party event scan failed[39m
[31m[Nest] 109331  - [39m09/16/2026, 6:31:36 AM [31m  ERROR[39m [38;5;3m[SupabaseService] [39m[31mRedis connection error in SupabaseService: [39m
[31m[Nest] 109331  - [39m09/16/2026, 6:31:38 AM [31m  ERROR[39m [38;5;3m[SupabaseService] [39m[31mRedis connection error in SupabaseService: [39m
[31m[Nest] 109331  - [39m09/16/2026, 6:31:40 AM [31m  ERROR[39m [38;5;3m[SupabaseService] [39m[31mRedis connection error in SupabaseService: [39m
[31m[Nest] 109331  - [39m09/16/2026, 6:31:42 AM [31m  ERROR[39m [38;5;3m[SupabaseService] [39m[31mRedis connection error in SupabaseService: [39m
[31m[Nest] 109331  - [39m09/16/2026, 6:31:44 AM [31m  ERROR[39m [38;5;3m[SupabaseService] [39m[31mRedis connection error in SupabaseService: [39m
[33m[Nest] 109331  - [39m09/16/2026, 6:31:46 AM [33m   WARN[39m [38;5;3m[EventsService] [39m[33mScheduled Language Party event scan failed[39m
[31m[Nest] 109331  - [39m09/16/2026, 6:31:46 AM [31m  ERROR[39m [38;5;3m[SupabaseService] [39m[31mRedis connection error in SupabaseService: [39m
[31m[Nest] 109331  - [39m09/16/2026, 6:31:48 AM [31m  ERROR[39m [38;5;3m[SupabaseService] [39m[31mRedis connection error in SupabaseService: [39m
[31m[Nest] 109331  - [39m09/16/2026, 6:31:50 AM [31m  ERROR[39m [38;5;3m[SupabaseService] [39m[31mRedis connection error in SupabaseService: [39m
[31m[Nest] 109331  - [39m09/16/2026, 6:31:52 AM [31m  ERROR[39m [38;5;3m[SupabaseService] [39m[31mRedis connection error in SupabaseService: [39m
[31m[Nest] 109331  - [39m09/16/2026, 6:31:54 AM [31m  ERROR[39m [38;5;3m[SupabaseService] [39m[31mRedis connection error in SupabaseService: [39m
[33m[Nest] 109331  - [39m09/16/2026, 6:31:56 AM [33m   WARN[39m [38;5;3m[EventsService] [39m[33mScheduled Language Party event scan failed[39m
[31m[Nest] 109331  - [39m09/16/2026, 6:31:56 AM [31m  ERROR[39m [38;5;3m[SupabaseService] [39m[31mRedis connection error in SupabaseService: [39m
[31m[Nest] 109331  - [39m09/16/2026, 6:31:58 AM [31m  ERROR[39m [38;5;3m[SupabaseService] [39m[31mRedis connection error in SupabaseService: [39m
[31m[Nest] 109331  - [39m09/16/2026, 6:32:00 AM [31m  ERROR[39m [38;5;3m[SupabaseService] [39m[31mRedis connection error in SupabaseService: [39m
[31m[Nest] 109331  - [39m09/16/2026, 6:32:00 AM [31m  ERROR[39m [38;5;3m[EscrowService] [39m[31mFailed to access degraded queue: Reached the max retries per request limit (which is 1). Refer to "maxRetriesPerRequest" option for details.[39m
{"level":"ERROR","time":"2026-09-16T06:32:00.691Z","pid":109331,"hostname":"devbox","error":"Reached the max retries per request limit (which is 1). Refer to \"maxRetriesPerRequest\" option for details.","msg":"Failed to aggregate matchmaking metrics"}
[31m[Nest] 109331  - [39m09/16/2026, 6:32:02 AM [31m  ERROR[39m [38;5;3m[SupabaseService] [39m[31mRedis connection error in SupabaseService: [39m
[31m[Nest] 109331  - [39m09/16/2026, 6:32:04 AM [31m  ERROR[39m [38;5;3m[SupabaseService] [39m[31mRedis connection error in SupabaseService: [39m
[33m[Nest] 109331  - [39m09/16/2026, 6:32:06 AM [33m   WARN[39m [38;5;3m[EventsService] [39m[33mScheduled Language Party event scan failed[39m
[31m[Nest] 109331  - [39m09/16/2026, 6:32:06 AM [31m  ERROR[39m [38;5;3m[SupabaseService] [39m[31mRedis connection error in SupabaseService: [39m
[31m[Nest] 109331  - [39m09/16/2026, 6:32:08 AM [31m  ERROR[39m [38;5;3m[SupabaseService] [39m[31mRedis connection error in SupabaseService: [39m
[31m[Nest] 109331  - [39m09/16/2026, 6:32:10 AM [31m  ERROR[39m [38;5;3m[SupabaseService] [39m[31mRedis connection error in SupabaseService: [39m
[31m[Nest] 109331  - [39m09/16/2026, 6:32:12 AM [31m  ERROR[39m [38;5;3m[SupabaseService] [39m[31mRedis connection error in SupabaseService: [39m
[31m[Nest] 109331  - [39m09/16/2026, 6:32:14 AM [31m  ERROR[39m [38;5;3m[SupabaseService] [39m[31mRedis connection error in SupabaseService: [39m
[33m[Nest] 109331  - [39m09/16/2026, 6:32:16 AM [33m   WARN[39m [38;5;3m[EventsService] [39m[33mScheduled Language Party event scan failed[39m
[31m[Nest] 109331  - [39m09/16/2026, 6:32:16 AM [31m  ERROR[39m [38;5;3m[SupabaseService] [39m[31mRedis connection error in SupabaseService: [39m
[31m[Nest] 109331  - [39m09/16/2026, 6:32:18 AM [31m  ERROR[39m [38;5;3m[SupabaseService] [39m[31mRedis connection error in SupabaseService: [39m
[31m[Nest] 109331  - [39m09/16/2026, 6:32:20 AM [31m  ERROR[39m [38;5;3m[SupabaseService] [39m[31mRedis connection error in SupabaseService: [39m
[31m[Nest] 109331  - [39m09/16/2026, 6:32:22 AM [31m  ERROR[39m [38;5;3m[SupabaseService] [39m[31mRedis connection error in SupabaseService: [39m
[31m[Nest] 109331  - [39m09/16/2026, 6:32:24 AM [31m  ERROR[39m [38;5;3m[SupabaseService] [39m[31mRedis connection error in SupabaseService: [39m
[33m[Nest] 109331  - [39m09/16/2026, 6:32:26 AM [33m   WARN[39m [38;5;3m[EventsService] [39m[33mScheduled Language Party event scan failed[39m
[31m[Nest] 109331  - [39m09/16/2026, 6:32:26 AM [31m  ERROR[39m [38;5;3m[SupabaseService] [39m[31mRedis connection error in SupabaseService: [39m
[31m[Nest] 109331  - [39m09/16/2026, 6:32:28 AM [31m  ERROR[39m [38;5;3m[SupabaseService] [39m[31mRedis connection error in SupabaseService: [39m
[33m[Nest] 109331  - [39m09/16/2026, 6:32:29 AM [33m   WARN[39m [38;5;3m[EventsService] [39m[33mCould not claim due event reminders[39m
[31m[Nest] 109331  - [39m09/16/2026, 6:32:29 AM [31m  ERROR[39m [38;5;3m[EventsService] [39m[31mEvent reminder dispatch tick failed[39m
[31m[Nest] 109331  - [39m09/16/2026, 6:32:30 AM [31m  ERROR[39m [38;5;3m[SupabaseService] [39m[31mRedis connection error in SupabaseService: [39m
[31m[Nest] 109331  - [39m09/16/2026, 6:32:32 AM [31m  ERROR[39m [38;5;3m[SupabaseService] [39m[31mRedis connection error in SupabaseService: [39m
[31m[Nest] 109331  - [39m09/16/2026, 6:32:32 AM [31m  ERROR[39m [38;5;3m[EscrowService] [39m[31mFailed to access degraded queue: Reached the max retries per request limit (which is 1). Refer to "maxRetriesPerRequest" option for details.[39m
[31m[Nest] 109331  - [39m09/16/2026, 6:32:34 AM [31m  ERROR[39m [38;5;3m[SupabaseService] [39m[31mRedis connection error in SupabaseService: [39m
[33m[Nest] 109331  - [39m09/16/2026, 6:32:36 AM [33m   WARN[39m [38;5;3m[EventsService] [39m[33mScheduled Language Party event scan failed[39m
[31m[Nest] 109331  - [39m09/16/2026, 6:32:36 AM [31m  ERROR[39m [38;5;3m[SupabaseService] [39m[31mRedis connection error in SupabaseService: [39m
[31m[Nest] 109331  - [39m09/16/2026, 6:32:38 AM [31m  ERROR[39m [38;5;3m[SupabaseService] [39m[31mRedis connection error in SupabaseService: [39m
[31m[Nest] 109331  - [39m09/16/2026, 6:32:40 AM [31m  ERROR[39m [38;5;3m[SupabaseService] [39m[31mRedis connection error in SupabaseService: [39m
[31m[Nest] 109331  - [39m09/16/2026, 6:32:42 AM [31m  ERROR[39m [38;5;3m[SupabaseService] [39m[31mRedis connection error in SupabaseService: [39m
[31m[Nest] 109331  - [39m09/16/2026, 6:32:44 AM [31m  ERROR[39m [38;5;3m[SupabaseService] [39m[31mRedis connection error in SupabaseService: [39m
[33m[Nest] 109331  - [39m09/16/2026, 6:32:46 AM [33m   WARN[39m [38;5;3m[EventsService] [39m[33mScheduled Language Party event scan failed[39m
[31m[Nest] 109331  - [39m09/16/2026, 6:32:46 AM [31m  ERROR[39m [38;5;3m[SupabaseService] [39m[31mRedis connection error in SupabaseService: [39m
[31m[Nest] 109331  - [39m09/16/2026, 6:32:48 AM [31m  ERROR[39m [38;5;3m[SupabaseService] [39m[31mRedis connection error in SupabaseService: [39m
[31m[Nest] 109331  - [39m09/16/2026, 6:32:50 AM [31m  ERROR[39m [38;5;3m[SupabaseService] [39m[31mRedis connection error in SupabaseService: [39m
